Transaction ID,id,Gender,Age,Product Category,Quantity,Price per Unit,Total Amount,Annual_Income,Total_Spend,Years_as_Customer,Num_of_Purchases,Average_Transaction_Amount,Num_of_Returns,Num_of_Support_Contacts,Satisfaction_Score,Last_Purchase_Days_Ago,Email_Opt_In,Promotion_Response,Target_Churn,_merge
1,1,Male,34,Beauty,3,50,150,45.15,5892.58,5,22,453.8,2,0,3,129,1,Responded,1,both
10,10,Female,52,Clothing,4,50,200,169.59,9803.57,17,34,481.18,6,1,2,171,1,Unsubscribed,0,both
100,100,Male,41,Electronics,1,30,30,117.21,3681.83,14,87,309.19,2,3,2,147,0,Ignored,0,both
1000,1000,Male,47,Electronics,4,30,120,134.86,3956.71,15,48,420.91,6,0,1,269,1,Ignored,1,both
101,101,Male,32,Clothing,2,300,600,136.2,3878.23,9,43,110.51,5,1,3,353,1,Responded,1,both
102,102,Female,47,Beauty,2,25,50,82.07,9478.35,8,23,125.7,8,4,1,82,0,Ignored,1,both
103,103,Female,59,Clothing,1,25,25,38.2,2714.84,12,82,41.71,8,4,1,266,1,Ignored,0,both
104,104,Female,34,Beauty,2,500,1000,77.31,4777.05,9,68,338.17,5,1,4,95,0,Ignored,1,both
105,105,Female,22,Electronics,1,500,500,50.27,8132.66,9,20,105.31,0,0,4,261,1,Unsubscribed,1,both
106,106,Female,46,Clothing,1,50,50,120.1,8174.61,19,47,431.93,4,1,5,173,0,Unsubscribed,1,both
107,107,Female,21,Clothing,4,300,1200,77.25,7528.4,6,30,381.68,8,2,2,162,0,Ignored,1,both
108,108,Female,27,Beauty,3,25,75,192.45,2949.55,7,69,55.55,2,4,4,144,1,Unsubscribed,0,both
109,109,Female,34,Electronics,4,500,2000,193.83,5000.22,6,85,283.26,9,1,5,255,0,Ignored,0,both
11,11,Male,23,Clothing,2,50,100,138.9,4283.84,15,33,96.55,9,1,2,92,1,Responded,0,both
110,110,Male,27,Clothing,3,300,900,131.62,1943.49,12,31,212.13,5,4,3,195,1,Responded,1,both
111,111,Female,34,Electronics,3,500,1500,131.15,1965.16,16,45,391.58,0,0,2,169,0,Responded,0,both
112,112,Male,37,Clothing,3,500,1500,197.37,4414.83,13,80,334.47,9,4,2,145,0,Responded,0,both
113,113,Female,41,Electronics,2,25,50,179.71,7412.06,5,34,48.3,4,4,4,78,1,Responded,0,both
114,114,Female,22,Beauty,4,25,100,157.71,5313.18,4,5,491.01,3,1,2,150,0,Responded,0,both
115,115,Male,51,Clothing,3,500,1500,76.45,8878.16,19,84,135.89,7,0,5,332,0,Ignored,0,both
116,116,Female,23,Clothing,1,30,30,85.8,8326.0,18,38,135.22,2,2,2,82,1,Ignored,1,both
117,117,Male,19,Electronics,2,500,1000,56.23,412.89,13,53,159.35,2,1,1,112,1,Responded,1,both
118,118,Female,30,Electronics,4,500,2000,107.69,5727.35,13,65,488.27,0,1,5,58,0,Ignored,0,both
119,119,Female,60,Clothing,3,50,150,198.27,6130.7,1,18,403.85,0,0,5,38,1,Responded,0,both
12,12,Male,35,Beauty,3,25,75,47.43,3333.69,4,10,212.58,0,0,2,213,0,Responded,1,both
120,120,Male,60,Beauty,1,50,50,184.19,9619.59,1,18,52.17,8,3,2,203,0,Unsubscribed,0,both
121,121,Female,28,Electronics,4,50,200,41.3,330.04,7,40,214.81,6,4,2,362,1,Ignored,0,both
122,122,Male,64,Electronics,4,30,120,24.53,5357.93,4,19,429.09,2,1,4,259,1,Responded,1,both
123,123,Female,40,Electronics,2,30,60,181.75,2127.34,10,6,181.12,5,0,1,121,0,Responded,0,both
124,124,Male,33,Clothing,4,500,2000,116.69,631.26,9,99,152.79,1,1,4,216,1,Ignored,0,both
125,125,Male,48,Clothing,2,50,100,56.03,5916.14,4,4,323.31,7,0,2,199,1,Responded,0,both
126,126,Female,28,Clothing,3,30,90,141.26,7748.78,11,59,190.16,9,0,1,21,0,Ignored,0,both
127,127,Female,33,Clothing,2,25,50,135.96,7771.17,13,1,89.19,4,2,3,21,1,Unsubscribed,1,both
128,128,Male,25,Beauty,1,500,500,41.98,399.86,9,36,246.8,0,0,4,190,0,Ignored,1,both
129,129,Female,21,Beauty,2,300,600,66.73,4128.77,7,26,407.73,3,0,2,359,1,Ignored,0,both
13,13,Male,22,Electronics,3,500,1500,199.29,8234.55,1,60,160.58,2,1,5,276,0,Ignored,0,both
130,130,Female,57,Clothing,1,500,500,30.81,540.65,8,85,423.82,5,3,5,50,0,Unsubscribed,0,both
131,131,Female,21,Beauty,2,300,600,57.77,2553.6,19,94,311.67,6,4,5,326,0,Unsubscribed,0,both
132,132,Male,42,Electronics,4,50,200,43.82,2009.52,16,66,499.57,5,2,2,337,1,Unsubscribed,0,both
133,133,Male,20,Electronics,3,300,900,54.78,2230.31,5,15,492.49,5,4,3,245,0,Responded,1,both
134,134,Male,49,Electronics,1,50,50,143.38,3457.27,12,45,126.96,1,1,3,179,0,Unsubscribed,1,both
135,135,Male,20,Clothing,2,25,50,28.91,2846.44,12,5,387.75,0,2,1,208,1,Ignored,1,both
136,136,Male,44,Electronics,2,300,600,38.33,9626.57,13,71,100.11,7,2,5,296,0,Responded,0,both
137,137,Male,46,Beauty,2,500,1000,44.15,3588.83,1,18,211.59,3,0,3,274,0,Responded,1,both
138,138,Male,49,Clothing,4,50,200,76.98,8952.31,6,94,14.88,3,3,4,352,1,Unsubscribed,1,both
139,139,Male,36,Beauty,4,500,2000,73.78,1892.31,7,62,108.7,1,0,3,27,0,Unsubscribed,0,both
14,14,Male,64,Clothing,4,30,120,38.04,5524.28,12,4,259.81,5,4,2,212,0,Ignored,1,both
140,140,Male,38,Electronics,1,30,30,65.91,7661.09,14,57,119.57,4,3,4,30,0,Unsubscribed,1,both
141,141,Female,22,Electronics,1,50,50,155.1,707.32,6,2,494.0,8,2,5,140,0,Responded,0,both
142,142,Male,35,Electronics,4,300,1200,199.64,4681.34,19,17,30.41,5,2,4,231,0,Unsubscribed,0,both
143,143,Female,45,Clothing,1,50,50,116.12,154.55,13,67,473.47,8,3,2,322,1,Unsubscribed,1,both
144,144,Female,59,Beauty,3,500,1500,189.96,8121.88,15,79,420.71,6,0,4,303,1,Unsubscribed,1,both
145,145,Female,39,Clothing,3,25,75,91.39,9509.81,4,50,21.01,7,0,2,254,0,Unsubscribed,0,both
146,146,Male,38,Clothing,4,50,200,39.2,447.56,10,25,77.0,5,2,3,236,0,Unsubscribed,1,both
147,147,Male,23,Electronics,1,300,300,93.58,9345.08,6,70,318.22,0,0,2,49,0,Responded,1,both
148,148,Male,18,Clothing,2,30,60,73.3,7761.15,2,22,181.89,4,2,5,120,0,Responded,0,both
149,149,Male,22,Clothing,3,25,75,108.81,3652.73,2,9,177.27,3,2,5,231,1,Ignored,1,both
15,15,Female,42,Electronics,4,500,2000,176.08,6855.03,17,64,222.85,6,0,1,125,0,Ignored,1,both
150,150,Female,58,Electronics,4,30,120,138.27,9097.88,1,73,351.27,8,1,4,52,1,Ignored,0,both
151,151,Male,29,Clothing,1,50,50,102.99,3032.95,16,34,497.43,5,3,5,4,0,Ignored,0,both
152,152,Male,43,Electronics,4,500,2000,188.33,4152.02,11,70,173.03,6,3,1,338,1,Responded,1,both
153,153,Male,63,Electronics,2,500,1000,179.26,1057.44,13,97,462.29,5,1,4,319,1,Unsubscribed,1,both
154,154,Male,51,Electronics,3,300,900,146.36,6603.7,14,1,366.94,5,1,1,5,0,Unsubscribed,0,both
155,155,Male,31,Electronics,4,500,2000,108.14,393.05,4,44,425.02,0,4,5,82,1,Unsubscribed,1,both
156,156,Female,43,Clothing,4,25,100,43.7,4900.56,11,7,259.33,0,2,3,227,1,Ignored,1,both
157,157,Male,62,Electronics,4,500,2000,91.46,6863.6,10,15,271.31,7,4,3,196,0,Responded,0,both
158,158,Female,44,Electronics,2,300,600,146.79,8230.25,6,38,277.77,7,2,5,50,1,Ignored,0,both
159,159,Male,26,Clothing,4,50,200,71.28,1584.42,14,93,286.92,8,3,3,114,0,Ignored,0,both
16,16,Male,19,Clothing,3,500,1500,72.97,8076.45,9,63,466.61,5,0,3,304,0,Unsubscribed,0,both
160,160,Female,43,Clothing,2,50,100,38.72,7565.49,9,81,80.78,2,4,3,148,1,Ignored,1,both
161,161,Male,64,Beauty,2,500,1000,183.42,7218.86,18,54,111.45,1,2,5,303,0,Unsubscribed,1,both
162,162,Male,39,Clothing,2,30,60,147.63,5639.75,14,30,85.33,7,3,5,339,1,Unsubscribed,0,both
163,163,Female,64,Clothing,3,50,150,130.75,5887.98,4,83,103.58,6,3,1,296,0,Unsubscribed,0,both
164,164,Female,47,Beauty,3,500,1500,162.65,1003.58,1,94,335.83,0,1,2,331,1,Ignored,1,both
165,165,Female,60,Clothing,4,300,1200,170.42,6044.66,15,4,111.19,0,1,1,126,0,Ignored,1,both
166,166,Male,34,Clothing,4,500,2000,107.02,3877.07,15,75,440.41,6,4,4,222,1,Responded,1,both
167,167,Female,43,Clothing,3,50,150,178.61,8689.05,7,42,68.54,5,0,4,201,1,Unsubscribed,0,both
168,168,Male,53,Clothing,1,300,300,184.96,3199.68,16,40,494.48,5,0,3,127,1,Ignored,1,both
169,169,Male,18,Beauty,3,500,1500,68.88,5808.29,6,97,10.7,7,3,4,99,0,Responded,1,both
17,17,Female,27,Clothing,4,25,100,98.36,6747.13,10,9,414.8,7,3,2,274,1,Responded,1,both
170,170,Female,25,Clothing,2,25,50,129.36,4323.06,1,33,423.5,0,2,3,188,1,Ignored,1,both
171,171,Female,52,Clothing,3,300,900,114.79,8774.99,8,29,10.98,0,4,5,214,1,Ignored,0,both
172,172,Male,32,Beauty,2,25,50,116.83,2613.78,8,15,394.88,5,4,2,239,1,Ignored,1,both
173,173,Male,64,Electronics,4,30,120,188.78,880.14,18,96,366.55,5,4,5,6,0,Responded,0,both
174,174,Female,39,Beauty,1,300,300,74.93,7511.69,1,99,350.32,1,2,5,69,1,Responded,0,both
175,175,Female,31,Electronics,4,25,100,197.02,4187.68,16,63,181.93,5,3,5,37,0,Responded,0,both
176,176,Female,43,Beauty,2,50,100,182.38,5932.07,12,62,317.27,1,2,3,125,1,Unsubscribed,1,both
177,177,Male,45,Beauty,2,50,100,102.57,361.25,12,68,303.71,5,4,3,40,0,Responded,0,both
178,178,Male,40,Clothing,2,30,60,167.14,9525.89,19,14,372.37,9,2,2,119,0,Unsubscribed,0,both
179,179,Male,31,Electronics,1,300,300,158.43,8788.42,12,19,357.91,7,3,5,86,1,Ignored,1,both
18,18,Female,47,Electronics,2,25,50,163.18,4281.83,3,29,294.39,7,0,3,197,1,Unsubscribed,0,both
180,180,Male,41,Clothing,3,300,900,142.02,6276.29,7,82,131.63,4,0,2,250,0,Unsubscribed,1,both
181,181,Male,19,Electronics,4,300,1200,77.57,268.6,8,62,357.7,7,4,3,165,1,Responded,1,both
182,182,Male,62,Beauty,4,30,120,55.36,3841.97,4,35,163.11,2,0,5,175,1,Unsubscribed,0,both
183,183,Female,43,Beauty,3,300,900,140.87,9790.09,6,99,198.9,0,1,2,205,0,Responded,1,both
184,184,Male,31,Electronics,4,50,200,171.74,6845.17,18,84,151.01,3,0,4,206,1,Ignored,1,both
185,185,Male,24,Clothing,1,25,25,22.93,1693.78,1,69,372.21,8,1,5,196,0,Responded,1,both
186,186,Male,20,Clothing,4,50,200,135.7,4659.91,12,76,418.99,2,2,4,174,1,Responded,0,both
187,187,Female,64,Clothing,2,50,100,99.72,9670.7,2,22,131.84,2,1,4,41,0,Unsubscribed,0,both
188,188,Male,40,Clothing,3,25,75,181.66,5393.61,19,4,261.9,0,0,1,106,0,Responded,0,both
189,189,Male,63,Beauty,1,50,50,77.87,343.68,15,35,355.75,3,3,5,185,1,Responded,0,both
19,19,Female,62,Clothing,2,25,50,141.95,1335.48,15,14,173.58,7,3,4,4,0,Responded,0,both
190,190,Female,60,Beauty,3,30,90,105.35,6235.74,19,84,414.02,0,3,2,287,1,Unsubscribed,1,both
191,191,Male,64,Beauty,1,25,25,112.66,2785.04,10,91,366.36,7,0,2,338,1,Unsubscribed,1,both
192,192,Male,62,Beauty,2,50,100,45.28,1078.57,7,73,58.6,3,0,2,348,1,Responded,0,both
193,193,Male,35,Beauty,3,500,1500,148.32,4088.79,5,79,345.2,7,1,4,324,1,Responded,0,both
194,194,Male,55,Clothing,4,50,200,169.49,5629.38,12,36,453.65,1,0,5,283,1,Unsubscribed,0,both
195,195,Male,52,Clothing,1,30,30,30.42,268.7,18,77,226.57,5,0,1,43,1,Ignored,0,both
196,196,Female,32,Clothing,3,300,900,72.45,5634.56,1,82,373.88,5,0,3,204,0,Unsubscribed,0,both
197,197,Female,42,Clothing,4,50,200,26.85,5160.91,12,88,481.34,7,0,1,122,0,Unsubscribed,0,both
198,198,Female,54,Beauty,3,300,900,192.18,7959.69,19,82,350.04,0,4,2,148,0,Responded,0,both
199,199,Male,45,Beauty,3,500,1500,140.09,4293.14,9,97,151.97,3,4,1,342,1,Unsubscribed,0,both
2,2,Female,26,Clothing,2,500,1000,79.51,9025.47,13,77,22.9,2,2,3,227,0,Responded,0,both
20,20,Male,22,Clothing,3,300,900,188.82,5844.46,11,88,378.05,8,4,5,57,1,Unsubscribed,1,both
200,200,Male,27,Beauty,3,50,150,193.56,5579.16,3,50,231.52,3,3,4,101,0,Unsubscribed,0,both
201,201,Male,56,Electronics,1,25,25,115.67,7445.89,19,12,239.67,6,1,2,53,1,Ignored,1,both
202,202,Female,34,Clothing,4,300,1200,164.37,8981.74,7,67,426.03,0,3,1,234,1,Responded,0,both
203,203,Male,56,Clothing,2,500,1000,87.39,3862.34,15,23,484.45,1,3,1,242,0,Responded,1,both
204,204,Male,39,Beauty,1,25,25,83.69,6056.17,12,69,300.67,7,1,3,237,1,Ignored,0,both
205,205,Female,43,Clothing,1,25,25,88.09,6976.65,2,42,47.69,6,1,2,232,1,Unsubscribed,0,both
206,206,Male,61,Clothing,1,25,25,138.42,528.38,14,43,475.28,8,3,3,110,0,Ignored,0,both
207,207,Female,42,Beauty,2,25,50,84.7,8027.53,14,16,497.07,7,0,2,222,1,Unsubscribed,0,both
208,208,Female,34,Electronics,4,50,200,182.07,3836.56,2,60,203.83,2,0,3,338,0,Unsubscribed,1,both
209,209,Female,30,Electronics,4,50,200,196.99,6735.37,11,61,414.66,6,2,1,14,1,Ignored,0,both
21,21,Female,50,Beauty,1,500,500,131.81,8984.59,5,72,298.9,1,1,2,323,1,Responded,1,both
210,210,Male,37,Electronics,4,50,200,25.48,4769.47,14,82,222.6,1,2,4,191,0,Responded,0,both
211,211,Male,42,Beauty,3,500,1500,54.85,7053.16,15,78,350.78,8,2,3,322,1,Responded,0,both
212,212,Male,21,Clothing,3,500,1500,40.2,7270.88,1,96,30.52,4,3,2,119,1,Unsubscribed,0,both
213,213,Male,27,Beauty,3,500,1500,27.63,1996.55,12,4,446.44,9,1,5,278,1,Responded,1,both
214,214,Male,20,Beauty,2,30,60,60.99,6655.52,8,46,31.95,5,4,5,76,1,Ignored,0,both
215,215,Male,58,Clothing,3,500,1500,100.42,8528.1,4,26,117.83,8,1,3,341,1,Ignored,0,both
216,216,Male,62,Electronics,2,50,100,170.66,2432.12,15,52,288.2,2,4,1,202,0,Ignored,0,both
217,217,Female,35,Electronics,4,50,200,59.93,7606.02,1,29,442.5,9,1,3,268,0,Ignored,0,both
218,218,Male,64,Beauty,3,30,90,108.91,6374.87,9,83,143.52,1,1,4,136,1,Ignored,1,both
219,219,Female,53,Electronics,3,30,90,187.33,9555.75,4,96,53.77,3,4,2,157,0,Responded,1,both
22,22,Male,18,Clothing,2,50,100,37.61,4247.04,10,13,89.61,0,4,1,199,0,Responded,0,both
220,220,Male,64,Beauty,1,500,500,140.1,2676.44,12,24,406.69,1,0,5,144,0,Unsubscribed,0,both
221,221,Male,39,Beauty,2,300,600,163.65,1627.35,2,11,186.06,3,2,2,358,0,Ignored,1,both
222,222,Male,51,Clothing,4,30,120,119.18,3190.0,7,14,374.37,8,3,2,348,1,Unsubscribed,1,both
223,223,Female,64,Clothing,1,25,25,196.48,2653.79,15,78,104.27,8,3,3,150,0,Unsubscribed,1,both
224,224,Female,25,Clothing,1,50,50,125.96,7592.64,5,14,124.1,7,0,1,282,1,Ignored,1,both
225,225,Female,57,Beauty,4,25,100,28.19,7357.78,11,84,183.49,9,0,2,217,1,Unsubscribed,0,both
226,226,Female,61,Clothing,1,50,50,55.64,6729.88,4,66,394.48,4,3,1,202,0,Responded,1,both
227,227,Male,36,Electronics,2,50,100,92.86,2242.15,16,4,469.79,7,4,4,74,0,Unsubscribed,0,both
228,228,Female,59,Electronics,2,30,60,128.23,8631.89,7,13,395.73,1,3,4,252,1,Unsubscribed,1,both
229,229,Male,58,Beauty,3,30,90,158.95,9570.06,12,9,13.81,3,1,1,130,0,Ignored,0,both
23,23,Female,35,Clothing,4,30,120,179.18,9116.18,14,3,162.9,8,0,2,193,1,Responded,1,both
230,230,Male,54,Beauty,1,25,25,94.36,5362.9,3,11,406.14,0,4,3,349,0,Responded,0,both
231,231,Female,23,Clothing,3,50,150,147.81,6528.79,4,7,321.85,0,0,3,121,1,Ignored,0,both
232,232,Female,43,Beauty,1,25,25,162.18,5056.85,18,53,401.28,3,3,3,232,0,Ignored,0,both
233,233,Female,51,Beauty,2,300,600,77.11,2907.22,11,32,290.44,8,0,5,293,1,Responded,1,both
234,234,Female,62,Electronics,2,25,50,196.27,2932.86,1,44,24.04,3,4,4,221,0,Ignored,1,both
235,235,Female,23,Electronics,2,500,1000,136.94,3202.86,7,96,403.53,1,1,4,44,1,Unsubscribed,0,both
236,236,Female,54,Clothing,1,25,25,178.58,1989.42,2,22,47.42,4,1,2,196,0,Responded,1,both
237,237,Female,50,Beauty,2,500,1000,120.07,9029.04,15,14,180.64,9,0,1,10,0,Responded,1,both
238,238,Female,39,Beauty,1,500,500,153.49,8598.14,4,72,274.89,6,4,5,164,1,Ignored,1,both
239,239,Male,38,Electronics,3,500,1500,158.7,4670.23,18,46,150.08,6,1,5,7,0,Responded,0,both
24,24,Female,49,Clothing,1,300,300,158.45,5084.93,12,78,288.48,2,1,2,323,0,Unsubscribed,1,both
240,240,Female,23,Beauty,1,300,300,183.48,3735.79,8,29,382.26,6,1,2,231,0,Ignored,1,both
241,241,Female,23,Electronics,3,25,75,47.06,9396.88,15,83,487.32,1,1,1,82,0,Unsubscribed,1,both
242,242,Male,21,Clothing,1,25,25,120.49,2301.5,12,30,236.66,1,4,3,86,1,Ignored,1,both
243,243,Female,47,Electronics,3,300,900,97.11,5580.07,14,62,476.85,8,1,2,126,0,Ignored,0,both
244,244,Male,28,Beauty,2,50,100,186.17,639.53,1,27,459.35,7,4,3,204,1,Responded,1,both
245,245,Male,47,Clothing,3,30,90,38.92,1992.9,1,51,410.95,0,0,3,297,1,Responded,1,both
246,246,Female,48,Electronics,2,25,50,196.86,6079.87,19,16,366.16,6,4,3,264,1,Ignored,0,both
247,247,Male,41,Electronics,2,30,60,177.58,6655.62,18,47,19.81,6,0,3,28,1,Unsubscribed,1,both
248,248,Male,26,Clothing,3,300,900,33.29,5851.86,10,66,451.79,3,0,4,298,1,Ignored,0,both
249,249,Male,20,Clothing,1,50,50,108.37,8709.05,6,52,290.57,3,1,2,320,1,Unsubscribed,1,both
25,25,Female,64,Beauty,1,50,50,148.14,6246.33,9,24,352.98,7,1,4,119,1,Unsubscribed,1,both
250,250,Male,48,Electronics,1,50,50,149.16,9934.71,13,26,74.47,8,0,5,347,1,Ignored,0,both
251,251,Female,57,Beauty,4,50,200,152.87,7662.23,18,19,348.79,2,0,1,203,1,Responded,1,both
252,252,Male,54,Electronics,1,300,300,183.17,4704.41,4,40,143.23,8,2,4,229,1,Unsubscribed,1,both
253,253,Female,53,Clothing,4,500,2000,163.98,8355.95,4,49,348.95,1,2,2,294,0,Ignored,0,both
254,254,Male,41,Electronics,1,500,500,75.97,1291.84,3,46,49.41,3,2,3,97,0,Unsubscribed,1,both
255,255,Male,48,Clothing,1,30,30,109.72,6864.38,6,23,487.78,4,3,4,6,1,Unsubscribed,1,both
256,256,Male,23,Clothing,2,500,1000,146.32,5231.54,7,28,42.6,4,4,1,253,1,Ignored,0,both
257,257,Male,19,Beauty,4,500,2000,44.92,1862.85,9,76,435.18,3,4,3,314,0,Unsubscribed,0,both
258,258,Female,37,Clothing,1,50,50,54.92,9732.04,1,45,164.79,3,2,2,202,1,Ignored,1,both
259,259,Female,45,Clothing,4,50,200,106.59,3450.53,13,39,153.62,3,1,4,347,1,Ignored,1,both
26,26,Female,28,Electronics,2,500,1000,29.67,8346.59,6,60,167.05,5,2,1,35,1,Unsubscribed,0,both
260,260,Male,28,Beauty,2,30,60,73.68,6192.69,7,1,203.54,4,2,3,44,1,Unsubscribed,1,both
261,261,Male,21,Clothing,2,25,50,175.26,8798.08,8,10,388.55,7,4,4,295,0,Ignored,0,both
262,262,Female,32,Beauty,4,30,120,125.53,5116.22,10,23,107.88,9,2,3,89,1,Responded,1,both
263,263,Male,23,Beauty,2,30,60,82.76,1239.86,7,70,229.07,3,1,3,133,0,Unsubscribed,1,both
264,264,Male,47,Clothing,3,300,900,172.79,8205.52,6,24,249.51,2,4,3,75,1,Responded,0,both
265,265,Male,55,Clothing,3,300,900,164.88,3596.82,5,71,454.69,1,0,4,218,0,Responded,1,both
266,266,Female,19,Electronics,2,30,60,199.7,9832.36,8,87,281.88,2,1,5,125,0,Responded,0,both
267,267,Female,32,Beauty,3,30,90,172.52,8849.87,16,88,322.94,3,3,1,310,0,Responded,1,both
268,268,Female,28,Electronics,1,30,30,94.6,8549.15,4,66,448.1,9,2,4,176,0,Responded,0,both
269,269,Male,25,Clothing,4,500,2000,42.95,3626.91,8,56,173.34,2,4,2,28,0,Responded,0,both
27,27,Female,38,Beauty,2,25,50,91.32,5689.51,9,74,456.01,2,4,2,352,1,Unsubscribed,1,both
270,270,Male,43,Electronics,1,300,300,171.32,7595.58,9,56,45.4,6,1,1,90,0,Ignored,0,both
271,271,Female,62,Beauty,4,30,120,30.76,9864.66,19,27,396.37,5,3,1,28,0,Ignored,1,both
272,272,Female,61,Electronics,2,50,100,83.05,5310.58,15,32,381.78,7,4,3,131,0,Unsubscribed,1,both
273,273,Female,22,Beauty,1,50,50,185.55,4760.25,8,20,168.91,6,4,2,319,1,Responded,0,both
274,274,Female,23,Clothing,2,500,1000,192.94,245.19,3,62,474.5,7,2,4,364,0,Ignored,1,both
275,275,Male,43,Clothing,2,500,1000,135.3,7032.02,3,26,418.51,1,1,3,2,0,Responded,0,both
276,276,Female,21,Beauty,4,25,100,143.96,8598.93,17,72,11.38,9,0,2,265,0,Unsubscribed,0,both
277,277,Male,36,Clothing,4,25,100,27.64,2549.83,14,12,61.78,2,4,2,360,1,Ignored,0,both
278,278,Female,37,Clothing,4,25,100,112.61,3218.74,14,58,237.63,3,1,1,57,1,Ignored,1,both
279,279,Male,50,Clothing,1,500,500,118.44,5056.7,2,56,456.05,8,3,2,311,1,Ignored,0,both
28,28,Female,43,Beauty,1,500,500,50.14,1000.6,3,80,210.02,8,3,1,317,0,Unsubscribed,0,both
280,280,Female,37,Clothing,3,500,1500,81.22,813.59,14,18,96.37,1,0,5,61,0,Responded,1,both
281,281,Female,29,Beauty,4,500,2000,32.35,987.46,11,55,337.79,7,4,2,314,0,Responded,1,both
282,282,Female,64,Electronics,4,50,200,61.2,4269.0,14,1,435.33,2,2,5,22,0,Ignored,1,both
283,283,Female,18,Electronics,1,500,500,84.44,2686.07,7,12,465.64,2,2,3,130,0,Responded,0,both
284,284,Male,43,Clothing,4,50,200,98.33,4119.77,19,37,331.47,7,0,4,62,0,Unsubscribed,1,both
285,285,Female,31,Electronics,1,25,25,126.37,4598.42,8,78,182.89,8,4,4,5,1,Ignored,1,both
286,286,Male,55,Electronics,2,25,50,150.03,9765.11,14,9,188.27,0,4,5,274,1,Ignored,1,both
287,287,Male,54,Clothing,4,25,100,77.17,9448.17,4,64,383.5,3,3,1,132,1,Responded,1,both
288,288,Male,28,Clothing,4,30,120,79.21,1483.33,11,11,436.71,9,3,4,287,1,Responded,0,both
289,289,Male,53,Electronics,2,30,60,23.54,8837.6,4,90,481.32,6,2,2,173,1,Unsubscribed,0,both
29,29,Female,42,Electronics,1,30,30,167.94,9811.7,13,12,83.09,9,4,5,128,0,Ignored,1,both
290,290,Female,30,Beauty,2,300,600,27.36,894.05,6,10,382.03,6,2,4,307,1,Ignored,0,both
291,291,Male,60,Clothing,2,300,600,66.41,5125.59,6,85,283.81,7,4,3,88,1,Unsubscribed,1,both
292,292,Male,20,Beauty,4,300,1200,153.24,1722.71,2,5,457.4,4,1,2,81,0,Unsubscribed,1,both
293,293,Male,50,Electronics,3,30,90,133.1,3722.33,19,60,471.97,9,3,3,128,1,Ignored,1,both
294,294,Female,23,Clothing,3,30,90,158.56,7459.07,1,40,239.12,4,0,4,346,1,Unsubscribed,0,both
295,295,Female,27,Beauty,3,300,900,158.41,4302.6,13,81,474.71,3,0,1,92,1,Ignored,1,both
296,296,Female,22,Clothing,4,300,1200,174.18,8088.82,14,83,305.59,8,0,2,16,1,Responded,0,both
297,297,Female,40,Electronics,2,500,1000,149.66,7216.28,3,79,210.42,7,2,3,25,0,Ignored,0,both
298,298,Male,27,Beauty,4,300,1200,196.22,9434.11,19,88,442.58,9,1,5,258,0,Responded,1,both
299,299,Male,61,Electronics,2,500,1000,181.79,5388.14,17,53,215.65,2,0,3,181,1,Responded,1,both
3,3,Male,50,Electronics,1,30,30,29.19,618.83,13,71,50.53,5,2,2,283,0,Responded,1,both
30,30,Female,39,Beauty,3,300,900,146.1,2533.91,7,10,114.05,6,4,1,31,0,Unsubscribed,0,both
300,300,Female,19,Electronics,4,50,200,125.61,8041.26,4,49,186.57,8,2,5,267,1,Responded,1,both
301,301,Male,30,Clothing,4,30,120,125.87,3296.78,13,31,411.17,9,3,5,330,0,Unsubscribed,0,both
302,302,Male,57,Beauty,2,300,600,26.17,3522.88,9,4,487.78,1,3,1,330,1,Unsubscribed,0,both
303,303,Male,19,Electronics,3,30,90,199.73,4065.05,4,11,334.83,2,1,5,130,1,Responded,0,both
304,304,Female,37,Electronics,2,30,60,43.68,4168.07,10,33,168.63,5,2,2,75,1,Unsubscribed,0,both
305,305,Female,18,Beauty,1,30,30,153.26,1122.21,13,22,419.47,3,4,4,42,1,Unsubscribed,0,both
306,306,Male,54,Electronics,1,50,50,167.78,5239.08,18,42,457.81,1,3,3,107,1,Ignored,1,both
307,307,Female,26,Electronics,2,25,50,87.15,1058.35,12,98,83.04,6,2,2,30,1,Ignored,1,both
308,308,Female,34,Beauty,4,300,1200,55.43,8908.65,16,19,161.62,1,1,5,77,1,Responded,1,both
309,309,Female,26,Beauty,1,25,25,37.78,712.26,1,98,312.37,8,3,2,193,0,Ignored,0,both
31,31,Male,44,Electronics,4,300,1200,178.95,7134.0,17,63,107.41,7,1,4,274,0,Ignored,1,both
310,310,Female,28,Beauty,1,25,25,154.75,4551.97,14,52,172.97,5,2,2,350,0,Responded,1,both
311,311,Female,32,Beauty,4,25,100,101.48,2918.47,7,77,312.85,9,4,1,67,0,Unsubscribed,0,both
312,312,Male,41,Clothing,4,30,120,148.47,1633.21,5,64,415.34,3,4,5,70,0,Unsubscribed,1,both
313,313,Female,55,Beauty,3,500,1500,184.77,7859.98,2,53,77.86,3,1,2,17,0,Responded,0,both
314,314,Male,52,Clothing,4,30,120,46.39,7177.83,4,67,315.85,7,3,3,15,1,Unsubscribed,1,both
315,315,Male,47,Clothing,2,30,60,185.45,1544.88,10,90,335.05,6,1,1,11,0,Ignored,0,both
316,316,Female,48,Clothing,2,25,50,94.09,6364.38,15,95,438.16,4,4,2,133,0,Ignored,1,both
317,317,Male,22,Electronics,3,30,90,74.95,7946.3,19,52,359.32,5,1,3,7,1,Responded,0,both
318,318,Male,61,Clothing,1,25,25,189.75,7755.99,15,93,396.61,5,3,3,109,1,Ignored,1,both
319,319,Male,31,Clothing,1,500,500,198.32,1013.57,19,42,91.1,2,3,5,152,1,Ignored,0,both
32,32,Male,30,Beauty,3,30,90,193.98,5100.62,18,66,124.56,5,4,1,325,1,Responded,1,both
320,320,Female,28,Electronics,4,300,1200,55.8,6886.58,10,18,74.91,3,2,2,86,0,Unsubscribed,1,both
321,321,Female,26,Electronics,2,25,50,138.23,7188.64,3,15,453.21,8,2,5,261,1,Responded,1,both
322,322,Male,51,Electronics,1,500,500,39.17,8635.45,11,60,91.1,5,0,3,56,1,Responded,1,both
323,323,Female,29,Beauty,3,300,900,137.16,5129.64,18,61,191.48,9,2,2,105,0,Unsubscribed,0,both
324,324,Female,52,Electronics,3,50,150,168.92,4664.83,2,14,397.18,3,0,5,258,1,Responded,1,both
325,325,Female,52,Electronics,2,25,50,143.21,9654.65,18,98,39.62,4,2,5,206,0,Unsubscribed,0,both
326,326,Female,18,Clothing,3,25,75,95.12,7985.47,15,23,264.81,9,3,4,172,0,Responded,1,both
327,327,Male,57,Electronics,3,50,150,88.95,5631.44,16,62,277.49,6,3,1,42,1,Responded,1,both
328,328,Male,39,Beauty,2,50,100,90.76,3373.11,19,89,11.99,2,1,3,351,1,Responded,0,both
329,329,Female,46,Electronics,4,25,100,126.15,8467.86,19,31,202.64,8,3,3,105,1,Unsubscribed,1,both
33,33,Female,50,Electronics,2,50,100,159.45,4839.85,4,91,198.0,1,4,1,193,0,Ignored,1,both
330,330,Female,25,Beauty,4,50,200,178.68,4608.82,12,11,454.51,5,3,5,78,1,Unsubscribed,1,both
331,331,Male,28,Electronics,3,30,90,187.23,1017.58,6,4,218.86,5,0,3,348,0,Unsubscribed,0,both
332,332,Male,58,Electronics,4,300,1200,29.64,4603.55,12,32,457.61,8,1,3,40,1,Ignored,0,both
333,333,Female,54,Electronics,4,300,1200,52.69,8732.49,7,33,164.72,9,3,2,263,0,Responded,0,both
334,334,Male,31,Electronics,3,300,900,40.2,4537.99,10,14,257.61,9,3,4,297,1,Ignored,1,both
335,335,Female,47,Beauty,4,30,120,54.8,242.06,12,50,423.09,8,4,2,18,1,Ignored,0,both
336,336,Female,52,Beauty,3,50,150,82.39,6153.7,16,40,490.91,7,3,2,131,0,Responded,1,both
337,337,Male,38,Clothing,1,500,500,111.18,9958.72,13,1,382.0,1,4,3,107,1,Unsubscribed,1,both
338,338,Male,54,Beauty,2,50,100,133.3,8190.76,13,25,178.39,9,2,3,196,0,Responded,1,both
339,339,Female,22,Electronics,2,25,50,151.79,6210.66,14,85,163.83,6,2,3,253,0,Ignored,0,both
34,34,Female,51,Clothing,3,50,150,198.96,2515.01,5,12,237.82,5,4,5,253,1,Unsubscribed,1,both
340,340,Female,36,Clothing,4,300,1200,180.22,9152.55,6,44,37.97,8,3,2,126,1,Unsubscribed,1,both
341,341,Male,31,Clothing,4,50,200,198.04,8154.46,19,91,109.43,7,1,2,43,0,Responded,0,both
342,342,Female,43,Clothing,4,500,2000,139.31,5036.53,10,92,382.27,8,3,4,217,0,Responded,1,both
343,343,Male,21,Electronics,2,25,50,172.17,5953.08,9,88,213.27,5,2,5,125,0,Responded,0,both
344,344,Female,42,Beauty,1,30,30,160.05,7339.8,9,91,86.7,7,4,2,334,0,Responded,0,both
345,345,Male,62,Electronics,1,30,30,75.36,8479.62,9,74,155.82,0,4,3,4,0,Unsubscribed,1,both
346,346,Male,59,Clothing,2,500,1000,177.62,675.95,1,98,298.51,8,2,2,83,1,Unsubscribed,0,both
347,347,Male,42,Electronics,1,25,25,27.7,7770.56,1,91,478.73,8,3,1,342,1,Unsubscribed,0,both
348,348,Female,35,Electronics,2,300,600,20.07,4530.28,13,42,480.12,3,2,2,232,0,Unsubscribed,1,both
349,349,Female,57,Beauty,1,50,50,69.27,6641.91,19,32,65.88,2,2,2,102,1,Unsubscribed,1,both
35,35,Female,58,Beauty,3,300,900,130.66,7249.29,11,96,275.72,4,2,5,196,0,Responded,1,both
350,350,Male,25,Beauty,3,25,75,103.18,7669.87,16,41,125.77,5,4,1,188,1,Unsubscribed,0,both
351,351,Female,56,Clothing,3,30,90,134.91,5441.07,13,96,303.47,7,4,4,280,1,Ignored,1,both
352,352,Male,57,Electronics,2,500,1000,38.32,1669.3,18,9,456.91,7,2,2,335,1,Ignored,0,both
353,353,Male,31,Electronics,1,500,500,141.14,4154.32,10,50,490.93,6,4,1,82,0,Unsubscribed,0,both
354,354,Female,49,Beauty,4,50,200,164.33,861.04,14,37,366.29,0,3,1,89,1,Unsubscribed,0,both
355,355,Female,55,Electronics,1,500,500,53.36,6924.08,3,82,211.7,3,3,1,355,1,Unsubscribed,1,both
356,356,Male,50,Electronics,3,500,1500,94.72,9541.69,1,95,437.67,2,0,4,15,1,Ignored,1,both
357,357,Female,40,Electronics,3,25,75,113.6,7973.0,10,2,215.47,9,2,1,133,1,Unsubscribed,0,both
358,358,Female,32,Beauty,1,300,300,101.33,3958.89,7,59,336.76,4,1,5,121,1,Unsubscribed,1,both
359,359,Male,50,Clothing,1,50,50,163.97,5884.49,4,30,249.92,5,3,3,31,1,Ignored,1,both
36,36,Male,52,Beauty,3,300,900,26.68,1216.6,18,49,469.63,2,1,3,188,0,Unsubscribed,1,both
360,360,Male,42,Clothing,4,25,100,192.89,3111.59,7,81,391.94,9,4,5,93,1,Unsubscribed,1,both
361,361,Female,34,Electronics,4,300,1200,163.81,5456.35,2,85,370.44,1,2,2,182,1,Responded,1,both
362,362,Male,50,Clothing,1,25,25,34.04,3077.2,2,9,201.44,9,1,4,227,0,Ignored,1,both
363,363,Male,64,Beauty,1,25,25,164.89,7409.42,6,37,59.4,1,1,4,338,0,Ignored,0,both
364,364,Female,19,Beauty,1,500,500,31.99,2667.48,2,94,476.37,0,1,4,290,0,Ignored,1,both
365,365,Male,31,Clothing,1,300,300,62.47,9643.8,2,60,460.12,4,1,2,35,1,Ignored,0,both
366,366,Male,57,Clothing,2,50,100,47.56,6653.29,4,16,99.12,4,3,1,186,0,Ignored,1,both
367,367,Female,57,Electronics,1,50,50,55.55,780.9,6,14,109.62,0,0,2,150,0,Ignored,0,both
368,368,Female,56,Clothing,4,300,1200,115.1,206.7,19,26,395.98,2,4,1,82,0,Ignored,0,both
369,369,Male,23,Electronics,3,500,1500,140.9,9970.76,2,81,395.51,3,3,1,15,0,Ignored,0,both
37,37,Female,18,Beauty,3,25,75,22.57,9905.49,19,59,289.28,2,3,1,102,0,Responded,1,both
370,370,Male,23,Electronics,2,30,60,104.66,2283.01,4,51,483.09,0,0,5,353,1,Ignored,0,both
371,371,Female,20,Beauty,1,25,25,192.75,3194.37,14,12,498.82,8,3,1,236,0,Unsubscribed,1,both
372,372,Female,24,Beauty,3,500,1500,63.25,2163.3,3,47,254.2,2,4,2,25,1,Responded,1,both
373,373,Female,25,Beauty,2,300,600,157.37,9288.21,16,3,480.58,8,3,1,353,1,Responded,0,both
374,374,Female,59,Beauty,3,25,75,176.63,6554.93,12,34,409.83,8,4,2,256,1,Responded,1,both
375,375,Male,32,Clothing,1,50,50,121.17,5093.42,2,93,380.62,5,2,4,255,1,Unsubscribed,0,both
376,376,Female,64,Beauty,1,30,30,102.12,5620.74,10,91,189.32,9,3,5,261,1,Responded,0,both
377,377,Female,46,Clothing,4,50,200,127.31,3246.94,10,42,426.69,2,2,1,257,0,Ignored,0,both
378,378,Male,50,Beauty,1,300,300,97.19,6180.33,12,2,460.36,6,3,4,81,1,Unsubscribed,1,both
379,379,Female,47,Clothing,1,25,25,119.93,4254.04,17,27,369.66,0,2,4,291,0,Unsubscribed,0,both
38,38,Male,38,Beauty,4,50,200,81.58,8469.2,5,76,98.03,2,0,2,216,1,Ignored,0,both
380,380,Male,56,Electronics,2,300,600,95.05,2072.36,10,73,326.78,4,2,2,338,1,Ignored,1,both
381,381,Female,44,Clothing,4,25,100,92.08,6600.39,1,84,323.8,6,2,4,100,0,Unsubscribed,1,both
382,382,Female,53,Clothing,2,500,1000,145.16,3801.02,5,28,86.28,5,1,4,122,1,Ignored,1,both
383,383,Female,46,Beauty,3,30,90,36.71,7872.16,12,23,117.76,7,0,1,73,0,Ignored,0,both
384,384,Male,55,Clothing,1,500,500,49.98,4212.41,4,90,122.18,6,0,3,94,0,Unsubscribed,0,both
385,385,Male,50,Electronics,3,500,1500,173.22,5131.89,13,89,89.71,8,2,1,28,0,Unsubscribed,1,both
386,386,Female,54,Electronics,2,300,600,158.79,7895.92,3,85,244.22,1,1,3,74,0,Ignored,1,both
387,387,Male,44,Beauty,1,30,30,70.66,4533.99,1,37,42.79,0,1,4,182,1,Responded,1,both
388,388,Male,50,Electronics,1,25,25,87.91,9665.59,5,25,150.84,9,4,3,166,1,Ignored,1,both
389,389,Male,21,Clothing,2,25,50,186.68,7950.98,11,31,405.64,8,1,4,182,0,Ignored,1,both
39,39,Male,23,Clothing,4,30,120,168.22,5391.64,16,2,233.12,6,1,5,260,1,Unsubscribed,0,both
390,390,Male,39,Electronics,2,50,100,167.25,8281.66,4,13,463.17,4,2,1,53,0,Ignored,1,both
391,391,Male,19,Beauty,2,25,50,130.58,9543.81,12,53,434.05,4,4,2,150,0,Unsubscribed,0,both
392,392,Male,27,Clothing,2,300,600,59.87,3949.62,10,57,165.41,5,0,3,150,1,Responded,0,both
393,393,Female,22,Beauty,2,500,1000,27.97,5842.79,6,93,269.36,4,0,5,173,0,Unsubscribed,0,both
394,394,Female,27,Clothing,1,500,500,97.63,6966.56,2,69,467.5,1,3,2,300,1,Responded,1,both
395,395,Male,50,Electronics,2,500,1000,141.07,6767.24,4,66,287.67,3,2,3,164,1,Responded,1,both
396,396,Female,55,Beauty,1,30,30,169.13,9534.07,11,70,135.06,5,3,4,361,1,Unsubscribed,1,both
397,397,Female,30,Beauty,1,25,25,173.48,2954.65,17,45,345.45,3,0,4,29,0,Responded,1,both
398,398,Female,48,Clothing,2,300,600,25.9,2984.48,2,86,320.2,7,1,4,89,0,Unsubscribed,1,both
399,399,Female,64,Beauty,2,30,60,63.95,9188.24,4,25,50.02,8,4,4,133,1,Responded,1,both
4,4,Male,37,Clothing,1,500,500,79.63,9110.3,3,33,411.83,5,3,5,226,1,Ignored,1,both
40,40,Male,45,Beauty,1,50,50,175.9,4303.07,18,73,92.72,1,2,5,360,1,Responded,0,both
400,400,Male,53,Clothing,4,50,200,81.04,8013.13,14,9,387.38,9,3,4,66,1,Ignored,0,both
401,401,Female,62,Clothing,1,300,300,53.97,2113.23,5,31,54.19,1,2,1,282,1,Unsubscribed,1,both
402,402,Female,41,Clothing,2,300,600,164.54,5743.46,9,33,317.99,1,0,3,25,0,Ignored,1,both
403,403,Male,32,Clothing,2,300,600,158.14,7483.06,6,86,348.35,2,0,2,165,1,Ignored,1,both
404,404,Male,46,Electronics,2,500,1000,113.03,3595.06,11,68,300.67,2,4,3,339,0,Unsubscribed,0,both
405,405,Female,25,Clothing,4,300,1200,196.93,4400.38,1,58,192.9,7,0,3,299,1,Unsubscribed,0,both
406,406,Female,22,Beauty,4,25,100,45.93,5796.43,4,85,306.82,9,3,1,16,0,Unsubscribed,1,both
407,407,Female,46,Electronics,3,300,900,181.94,4724.37,9,82,280.77,5,0,1,41,0,Unsubscribed,0,both
408,408,Female,64,Beauty,1,500,500,40.96,7555.12,14,18,301.65,6,0,4,360,1,Unsubscribed,1,both
409,409,Female,21,Electronics,3,300,900,49.37,158.79,1,76,406.78,0,4,4,1,1,Unsubscribed,0,both
41,41,Male,34,Clothing,2,25,50,192.95,2936.0,14,26,456.43,3,3,4,263,1,Unsubscribed,0,both
410,410,Female,29,Clothing,2,50,100,145.32,4402.86,11,19,414.73,8,1,3,141,0,Responded,0,both
411,411,Male,62,Electronics,4,50,200,39.72,3442.06,6,36,380.8,9,2,1,258,0,Unsubscribed,0,both
412,412,Female,19,Electronics,4,500,2000,121.85,6130.72,9,59,246.33,5,2,2,49,1,Unsubscribed,0,both
413,413,Female,44,Beauty,3,25,75,95.64,7781.99,14,86,183.99,4,3,3,189,1,Responded,1,both
414,414,Male,48,Beauty,4,25,100,151.13,853.84,3,44,440.36,5,2,1,204,1,Ignored,1,both
415,415,Male,53,Clothing,2,30,60,182.12,1664.79,1,64,439.61,2,4,3,126,1,Unsubscribed,1,both
416,416,Male,53,Electronics,4,500,2000,158.58,6684.31,13,99,408.68,6,4,1,76,0,Ignored,1,both
417,417,Male,43,Electronics,3,300,900,172.94,7410.18,8,98,443.33,5,0,3,236,1,Responded,0,both
418,418,Female,60,Electronics,2,500,1000,25.93,5923.2,17,74,203.68,6,0,2,195,1,Ignored,1,both
419,419,Female,44,Clothing,3,30,90,75.84,9829.75,16,28,271.88,6,3,1,213,0,Ignored,0,both
42,42,Male,22,Clothing,3,300,900,31.72,5065.76,17,31,92.5,9,0,1,202,1,Responded,1,both
420,420,Female,22,Clothing,4,500,2000,112.78,5044.67,18,88,289.25,1,1,5,154,1,Unsubscribed,0,both
421,421,Female,37,Clothing,3,500,1500,94.87,1449.29,1,64,361.78,2,0,4,293,0,Ignored,0,both
422,422,Female,28,Clothing,3,30,90,61.63,6894.28,1,52,393.26,3,4,1,257,1,Responded,1,both
423,423,Female,27,Clothing,1,25,25,75.42,6060.55,12,60,285.47,2,0,3,227,0,Ignored,0,both
424,424,Male,57,Beauty,4,300,1200,190.18,5945.17,11,37,452.34,5,3,4,337,0,Unsubscribed,1,both
425,425,Female,55,Electronics,4,30,120,72.95,5503.95,7,49,120.08,9,3,3,345,1,Unsubscribed,1,both
426,426,Male,23,Electronics,3,50,150,83.7,9397.05,19,98,210.25,2,0,1,185,0,Ignored,1,both
427,427,Male,25,Electronics,1,25,25,20.67,1378.65,2,12,38.07,9,1,3,24,1,Responded,1,both
428,428,Female,40,Electronics,4,50,200,172.11,824.65,6,73,491.14,2,2,1,342,1,Unsubscribed,0,both
429,429,Male,64,Electronics,2,25,50,47.87,1625.76,18,94,402.65,3,4,1,174,0,Responded,0,both
43,43,Female,48,Clothing,1,300,300,28.02,8806.23,9,34,309.17,6,1,1,273,0,Responded,0,both
430,430,Female,43,Electronics,3,300,900,56.75,2525.4,11,34,70.53,0,1,4,145,1,Unsubscribed,1,both
431,431,Male,63,Electronics,4,300,1200,65.95,5970.17,13,48,173.63,0,3,1,60,1,Ignored,0,both
432,432,Female,60,Electronics,2,500,1000,179.23,6163.01,10,15,271.82,9,4,2,70,1,Responded,1,both
433,433,Male,29,Beauty,4,50,200,57.16,2402.76,18,95,155.33,5,4,5,13,1,Unsubscribed,1,both
434,434,Female,43,Electronics,2,25,50,163.55,4943.33,4,32,67.77,7,2,2,259,1,Responded,0,both
435,435,Female,30,Beauty,3,300,900,165.45,4872.41,9,88,303.37,3,3,1,172,1,Responded,0,both
436,436,Female,57,Clothing,4,30,120,186.86,4585.8,3,64,119.58,9,2,5,50,1,Responded,0,both
437,437,Female,35,Electronics,4,300,1200,40.8,8055.1,11,44,320.13,9,2,3,99,1,Ignored,1,both
438,438,Female,42,Clothing,1,30,30,59.11,4769.76,7,22,348.52,0,1,3,64,0,Ignored,1,both
439,439,Male,50,Clothing,3,25,75,153.72,7607.82,1,3,408.91,5,3,2,249,0,Ignored,1,both
44,44,Female,22,Clothing,1,25,25,184.39,2822.56,14,88,293.2,7,0,1,121,0,Ignored,1,both
440,440,Male,64,Clothing,2,300,600,55.28,1748.16,5,27,228.83,4,3,4,163,1,Responded,0,both
441,441,Male,57,Beauty,4,300,1200,71.54,5366.48,5,10,352.17,1,1,5,288,1,Ignored,1,both
442,442,Female,60,Clothing,4,25,100,50.01,8258.64,13,2,27.22,0,3,5,56,1,Unsubscribed,0,both
443,443,Male,29,Clothing,2,300,600,51.09,1859.39,1,57,319.16,0,1,4,84,0,Ignored,1,both
444,444,Female,61,Clothing,3,30,90,106.68,4702.73,4,68,222.93,0,3,3,295,0,Responded,1,both
445,445,Female,53,Electronics,1,300,300,39.74,6129.89,8,82,406.44,4,0,1,187,1,Unsubscribed,0,both
446,446,Male,21,Electronics,1,50,50,77.91,1929.27,18,2,494.07,9,3,3,313,0,Unsubscribed,1,both
447,447,Male,22,Beauty,4,500,2000,96.79,7591.98,12,31,153.29,4,0,1,64,0,Unsubscribed,1,both
448,448,Female,54,Beauty,2,30,60,24.42,882.06,3,35,448.28,0,2,3,88,1,Responded,1,both
449,449,Male,25,Electronics,4,50,200,89.9,9469.51,13,98,61.94,8,2,5,74,1,Responded,1,both
45,45,Female,55,Electronics,1,30,30,74.91,5055.32,12,21,315.34,8,2,4,276,0,Unsubscribed,1,both
450,450,Female,59,Beauty,2,25,50,36.94,4735.39,17,48,231.67,7,2,5,63,0,Responded,1,both
451,451,Female,45,Electronics,1,30,30,108.84,3427.62,3,49,350.69,1,4,1,151,0,Ignored,0,both
452,452,Female,48,Clothing,3,500,1500,168.63,1256.39,13,11,432.93,8,2,3,339,0,Responded,0,both
453,453,Female,26,Clothing,2,500,1000,167.32,4382.71,10,7,118.39,9,0,1,304,0,Unsubscribed,1,both
454,454,Female,46,Beauty,1,25,25,34.48,6632.06,4,6,251.39,6,1,1,306,1,Responded,1,both
455,455,Male,31,Electronics,4,25,100,128.22,1035.42,1,43,488.2,4,1,3,315,1,Unsubscribed,0,both
456,456,Male,57,Electronics,2,30,60,170.23,3132.06,14,71,371.26,8,4,1,354,0,Responded,0,both
457,457,Female,58,Beauty,3,300,900,62.84,8376.57,6,39,203.06,9,3,1,120,0,Unsubscribed,0,both
458,458,Female,39,Electronics,4,25,100,157.15,6497.19,19,6,253.8,6,2,3,239,1,Unsubscribed,1,both
459,459,Male,28,Clothing,4,300,1200,180.34,2143.09,4,61,460.63,4,3,2,338,0,Unsubscribed,1,both
46,46,Female,20,Electronics,4,300,1200,120.44,2422.04,3,50,38.72,3,4,2,84,0,Ignored,1,both
460,460,Male,40,Beauty,1,50,50,165.1,1693.01,11,31,248.53,7,1,2,349,0,Unsubscribed,0,both
461,461,Female,18,Beauty,2,500,1000,39.31,9054.4,13,60,38.46,0,0,4,62,0,Ignored,1,both
462,462,Male,63,Electronics,4,300,1200,21.63,2941.5,10,9,110.3,4,4,2,206,1,Ignored,0,both
463,463,Female,54,Beauty,3,500,1500,54.51,1877.05,17,64,11.84,3,4,3,154,0,Ignored,0,both
464,464,Male,38,Electronics,2,300,600,68.69,9999.64,7,82,245.31,4,4,1,35,0,Responded,0,both
465,465,Female,43,Electronics,3,50,150,130.91,3161.0,13,87,486.97,9,2,3,14,0,Unsubscribed,0,both
466,466,Male,63,Electronics,4,25,100,89.17,1334.93,16,4,403.21,9,4,5,219,0,Responded,1,both
467,467,Female,53,Electronics,3,50,150,146.61,4671.4,7,16,30.23,6,0,3,34,1,Unsubscribed,1,both
468,468,Male,40,Electronics,1,25,25,83.55,4400.02,18,95,466.12,1,0,2,338,1,Unsubscribed,0,both
469,469,Male,18,Beauty,3,25,75,47.8,9275.34,7,7,64.55,3,4,4,185,1,Ignored,1,both
47,47,Female,40,Beauty,3,500,1500,196.84,3437.78,18,9,151.77,1,0,2,277,1,Responded,0,both
470,470,Female,57,Clothing,2,500,1000,76.28,1428.63,6,94,21.27,2,1,1,242,0,Ignored,1,both
471,471,Male,32,Clothing,3,50,150,179.18,1002.25,13,23,113.68,8,1,1,182,0,Responded,0,both
472,472,Female,38,Beauty,3,300,900,192.54,1020.49,3,11,255.08,5,4,2,241,1,Responded,0,both
473,473,Male,64,Beauty,1,50,50,57.35,9052.45,1,29,48.1,0,2,4,53,0,Ignored,1,both
474,474,Female,26,Clothing,3,500,1500,161.92,4548.75,18,8,392.86,6,1,5,363,0,Unsubscribed,1,both
475,475,Male,26,Clothing,3,25,75,69.2,1591.0,11,92,18.57,7,4,4,101,1,Unsubscribed,1,both
476,476,Female,27,Clothing,4,500,2000,179.68,5978.92,1,84,116.9,8,0,4,327,1,Responded,1,both
477,477,Male,43,Clothing,4,30,120,49.8,5422.47,5,3,303.22,2,3,2,209,0,Responded,1,both
478,478,Female,58,Clothing,2,30,60,139.87,2064.23,9,72,211.18,8,1,4,158,1,Responded,0,both
479,479,Male,52,Electronics,4,300,1200,35.16,6070.08,19,77,235.6,6,2,1,143,1,Ignored,0,both
48,48,Male,54,Electronics,3,300,900,92.08,1983.58,7,65,183.3,8,1,2,234,0,Responded,0,both
480,480,Female,42,Beauty,4,500,2000,195.3,3468.29,14,52,338.29,4,3,4,292,1,Responded,1,both
481,481,Female,43,Electronics,4,300,1200,146.11,2459.87,8,20,186.22,8,3,2,226,0,Unsubscribed,1,both
482,482,Female,28,Clothing,4,300,1200,171.53,5152.97,9,95,127.92,5,2,4,10,1,Unsubscribed,1,both
483,483,Male,55,Clothing,1,30,30,122.0,2987.33,17,31,459.93,9,2,4,94,0,Ignored,1,both
484,484,Female,19,Clothing,4,300,1200,105.82,2299.19,11,28,179.14,4,4,1,323,0,Unsubscribed,1,both
485,485,Male,24,Electronics,1,30,30,131.94,8809.25,16,16,244.23,7,0,1,79,1,Unsubscribed,0,both
486,486,Female,35,Electronics,1,25,25,115.17,1642.05,17,48,411.78,0,2,2,136,0,Unsubscribed,0,both
487,487,Male,44,Clothing,4,500,2000,104.49,2877.84,2,24,320.07,4,2,3,258,0,Responded,0,both
488,488,Female,51,Electronics,3,300,900,156.7,3922.77,3,59,314.01,8,3,1,235,1,Unsubscribed,0,both
489,489,Male,44,Electronics,1,30,30,52.08,2809.02,17,95,323.02,1,1,2,238,1,Unsubscribed,0,both
49,49,Female,54,Electronics,2,500,1000,139.86,9906.34,3,35,462.35,3,2,3,322,1,Responded,1,both
490,490,Male,34,Clothing,3,50,150,50.81,2186.04,12,84,407.08,1,1,4,203,1,Unsubscribed,0,both
491,491,Female,60,Electronics,3,300,900,97.73,7734.35,16,9,267.67,7,2,1,143,1,Ignored,0,both
492,492,Male,61,Beauty,4,25,100,77.73,3357.26,16,14,47.17,9,0,5,341,0,Unsubscribed,1,both
493,493,Male,41,Beauty,2,25,50,33.34,1213.88,6,39,336.1,8,2,2,93,1,Responded,0,both
494,494,Female,42,Beauty,4,50,200,172.0,5454.86,3,39,90.85,7,0,5,177,0,Unsubscribed,1,both
495,495,Male,24,Beauty,2,30,60,158.89,1342.34,13,3,416.07,5,3,1,230,0,Unsubscribed,1,both
496,496,Male,23,Clothing,2,300,600,117.91,3639.44,13,43,86.71,5,4,5,363,1,Responded,1,both
497,497,Male,41,Clothing,4,30,120,196.28,8830.08,15,52,478.66,9,3,3,327,1,Ignored,0,both
498,498,Female,50,Clothing,4,25,100,33.07,3754.7,2,69,358.07,4,4,1,237,0,Unsubscribed,1,both
499,499,Male,46,Beauty,2,30,60,158.0,6361.84,12,39,139.06,8,3,4,117,0,Ignored,0,both
5,5,Male,30,Beauty,2,50,100,77.66,5390.88,15,43,101.19,3,0,5,242,0,Unsubscribed,0,both
50,50,Female,27,Beauty,3,25,75,92.16,5757.82,12,31,308.21,7,2,4,287,0,Unsubscribed,1,both
500,500,Female,60,Beauty,4,25,100,67.95,5194.79,15,70,111.66,1,2,2,112,1,Unsubscribed,0,both
501,501,Male,39,Electronics,2,30,60,86.35,1463.48,15,60,440.35,7,2,5,332,0,Unsubscribed,1,both
502,502,Male,43,Electronics,3,50,150,59.47,6525.79,12,64,122.99,1,0,3,279,1,Ignored,1,both
503,503,Male,45,Beauty,4,500,2000,162.03,8574.75,7,54,211.81,9,2,5,23,0,Responded,0,both
504,504,Female,38,Beauty,3,50,150,45.96,1022.8,3,63,235.56,5,1,1,23,0,Ignored,1,both
505,505,Male,24,Beauty,1,50,50,171.2,7561.43,10,34,70.94,1,2,5,114,0,Unsubscribed,0,both
506,506,Male,34,Beauty,3,500,1500,139.08,6933.09,11,89,370.38,3,1,2,355,0,Ignored,0,both
507,507,Female,37,Electronics,3,500,1500,30.62,8679.94,18,93,62.76,0,3,5,144,0,Unsubscribed,0,both
508,508,Male,58,Beauty,2,300,600,165.98,1130.51,7,86,428.63,2,3,5,254,0,Unsubscribed,0,both
509,509,Female,37,Electronics,3,300,900,133.0,3126.38,7,45,270.56,7,4,4,157,1,Ignored,1,both
51,51,Male,27,Beauty,3,25,75,158.28,7354.87,15,85,405.83,5,2,4,352,1,Responded,0,both
510,510,Female,39,Beauty,4,50,200,182.9,6973.49,12,15,312.18,9,4,3,153,1,Unsubscribed,1,both
511,511,Male,45,Beauty,2,50,100,154.77,317.98,17,69,416.14,4,2,5,311,0,Ignored,1,both
512,512,Female,57,Beauty,1,25,25,121.0,7367.35,14,82,174.76,9,2,4,332,1,Responded,1,both
513,513,Male,24,Electronics,4,25,100,170.58,8593.99,15,80,482.92,1,4,5,298,1,Unsubscribed,1,both
514,514,Female,18,Electronics,1,300,300,70.05,4587.71,8,26,309.78,2,2,5,264,0,Responded,1,both
515,515,Female,49,Clothing,3,300,900,118.45,4399.87,17,64,70.88,3,1,3,38,1,Ignored,1,both
516,516,Male,30,Beauty,4,25,100,72.85,2856.84,7,37,151.01,6,3,5,349,0,Unsubscribed,1,both
517,517,Female,47,Clothing,4,25,100,194.28,150.01,9,13,253.17,8,0,3,264,1,Responded,0,both
518,518,Female,40,Clothing,1,30,30,60.72,1944.4,16,39,345.53,5,0,5,182,1,Ignored,0,both
519,519,Female,36,Electronics,4,30,120,22.83,9800.65,3,60,109.06,6,3,3,129,1,Unsubscribed,1,both
52,52,Female,36,Beauty,1,300,300,114.99,1072.67,9,38,253.05,4,4,3,168,0,Ignored,1,both
520,520,Female,49,Electronics,4,25,100,78.65,8686.13,11,94,219.21,1,0,5,236,0,Ignored,1,both
521,521,Female,47,Clothing,4,30,120,110.45,2738.4,10,31,62.76,0,0,3,358,1,Ignored,1,both
522,522,Male,46,Beauty,3,500,1500,25.11,9641.11,11,99,98.47,0,1,1,221,1,Unsubscribed,1,both
523,523,Female,62,Electronics,1,300,300,120.66,3740.35,9,84,381.48,1,3,5,127,0,Ignored,1,both
524,524,Male,46,Beauty,4,300,1200,177.37,3046.1,11,84,308.59,5,4,4,158,1,Responded,1,both
525,525,Female,47,Beauty,2,25,50,146.85,1612.8,11,32,231.6,7,3,5,69,0,Ignored,1,both
526,526,Male,33,Clothing,2,50,100,132.13,9025.95,18,76,13.5,7,2,5,10,1,Unsubscribed,1,both
527,527,Male,57,Clothing,2,25,50,192.07,9871.23,4,8,42.4,0,2,4,136,1,Ignored,0,both
528,528,Female,36,Clothing,2,30,60,192.49,3341.37,5,70,384.15,4,3,5,339,1,Unsubscribed,0,both
529,529,Female,35,Clothing,3,50,150,168.37,7063.96,5,78,55.98,4,0,1,95,1,Responded,0,both
53,53,Male,34,Electronics,2,50,100,62.75,3724.56,18,23,204.68,6,4,1,86,1,Ignored,0,both
530,530,Female,18,Electronics,4,30,120,129.39,3419.5,18,63,387.81,3,1,4,334,0,Ignored,1,both
531,531,Male,31,Electronics,1,500,500,107.8,1139.41,18,99,364.84,8,2,4,110,0,Unsubscribed,0,both
532,532,Female,64,Clothing,4,30,120,22.4,3987.65,16,47,261.73,7,4,3,256,1,Unsubscribed,0,both
533,533,Male,19,Electronics,3,500,1500,129.13,5560.54,9,33,185.85,7,1,3,360,0,Responded,0,both
534,534,Male,45,Clothing,2,500,1000,198.04,1317.87,2,33,451.11,4,4,4,35,0,Ignored,0,both
535,535,Male,47,Beauty,3,30,90,167.26,8200.9,16,29,96.53,2,0,4,112,1,Responded,1,both
536,536,Female,55,Beauty,4,30,120,81.31,5023.89,10,13,428.96,2,4,5,106,1,Ignored,0,both
537,537,Female,21,Beauty,1,500,500,47.37,2420.39,12,94,384.1,2,4,1,174,1,Unsubscribed,1,both
538,538,Male,18,Clothing,3,50,150,161.13,5968.32,17,75,337.19,4,2,3,236,1,Unsubscribed,1,both
539,539,Male,25,Beauty,1,500,500,153.91,7953.27,16,56,471.76,1,0,2,217,1,Unsubscribed,0,both
54,54,Female,38,Electronics,3,500,1500,68.84,8937.13,8,62,246.96,4,1,2,110,0,Unsubscribed,1,both
540,540,Female,46,Electronics,3,300,900,194.07,3343.48,17,74,498.1,2,4,5,144,0,Unsubscribed,1,both
541,541,Male,56,Beauty,1,500,500,177.47,7044.62,17,50,396.73,4,1,5,336,0,Ignored,0,both
542,542,Female,20,Beauty,1,50,50,120.02,4335.81,3,20,122.1,4,3,1,342,0,Unsubscribed,0,both
543,543,Male,49,Beauty,2,300,600,38.23,9644.11,9,87,345.63,2,3,3,56,1,Responded,1,both
544,544,Female,27,Electronics,1,25,25,107.03,7732.31,2,24,206.19,7,2,2,151,0,Responded,0,both
545,545,Male,27,Clothing,2,25,50,76.47,3627.87,17,31,69.95,3,4,3,147,0,Ignored,0,both
546,546,Female,36,Electronics,4,50,200,112.23,275.7,15,61,425.9,2,1,3,11,1,Ignored,1,both
547,547,Male,63,Clothing,4,500,2000,74.31,6609.45,9,53,174.02,1,1,1,256,0,Ignored,0,both
548,548,Female,51,Clothing,2,30,60,175.13,2058.93,2,14,482.58,7,4,5,347,1,Responded,0,both
549,549,Female,50,Beauty,2,50,100,171.98,1306.6,15,32,407.45,0,4,1,27,0,Responded,0,both
55,55,Male,31,Beauty,4,30,120,66.45,935.94,10,43,395.71,3,2,5,37,0,Responded,0,both
550,550,Male,40,Clothing,3,300,900,76.78,9324.59,14,59,402.03,4,0,3,329,1,Unsubscribed,1,both
551,551,Male,45,Electronics,3,300,900,127.92,9999.49,1,17,415.19,4,3,2,9,0,Responded,1,both
552,552,Female,49,Electronics,3,25,75,97.43,2771.9,13,19,209.98,9,4,5,163,1,Ignored,1,both
553,553,Male,24,Clothing,4,300,1200,183.64,3087.51,9,2,50.28,5,4,1,349,1,Responded,1,both
554,554,Female,46,Beauty,3,50,150,53.72,1733.39,1,16,497.57,4,1,4,167,1,Responded,0,both
555,555,Male,25,Beauty,1,300,300,145.59,4631.08,1,33,482.43,9,2,2,128,1,Responded,0,both
556,556,Female,18,Electronics,1,50,50,194.67,8671.85,11,79,239.17,3,3,4,361,1,Ignored,0,both
557,557,Female,20,Beauty,3,30,90,51.55,7044.91,12,74,415.96,2,3,3,357,0,Unsubscribed,0,both
558,558,Female,41,Clothing,1,25,25,56.35,8478.68,5,7,243.91,1,3,2,27,0,Unsubscribed,1,both
559,559,Female,40,Clothing,4,300,1200,144.87,2361.97,19,68,463.81,5,0,2,143,1,Responded,0,both
56,56,Female,26,Clothing,3,300,900,115.82,1738.28,12,49,54.59,5,3,2,130,1,Responded,0,both
560,560,Female,25,Electronics,1,50,50,160.25,7331.52,18,71,206.03,3,3,5,316,0,Unsubscribed,0,both
561,561,Female,64,Clothing,4,500,2000,108.3,9193.41,7,80,440.54,5,1,3,161,0,Ignored,1,both
562,562,Male,54,Electronics,2,25,50,129.74,2886.02,19,94,16.34,7,4,1,52,1,Unsubscribed,0,both
563,563,Male,20,Clothing,2,30,60,58.28,6937.47,16,86,177.24,3,1,2,232,1,Responded,0,both
564,564,Male,50,Electronics,2,50,100,105.79,4066.51,10,52,312.07,8,0,1,101,1,Unsubscribed,1,both
565,565,Female,45,Beauty,2,30,60,40.17,2973.24,8,75,428.87,5,0,3,213,1,Responded,1,both
566,566,Female,64,Clothing,1,30,30,77.86,9699.27,3,59,53.46,7,1,3,186,0,Ignored,1,both
567,567,Female,25,Clothing,3,300,900,71.26,3551.47,1,78,46.59,8,2,4,4,1,Unsubscribed,1,both
568,568,Female,51,Electronics,1,300,300,100.03,1167.71,18,92,396.06,3,2,1,125,0,Ignored,0,both
569,569,Male,52,Electronics,4,50,200,187.42,3947.03,7,27,287.39,9,0,1,288,1,Ignored,1,both
57,57,Female,63,Beauty,1,30,30,146.57,6291.63,5,87,477.3,7,2,4,4,1,Responded,1,both
570,570,Male,49,Clothing,1,500,500,52.63,4532.02,13,27,74.64,5,2,5,143,1,Unsubscribed,0,both
571,571,Female,41,Electronics,1,50,50,92.25,7546.89,15,69,243.92,5,1,3,258,1,Unsubscribed,1,both
572,572,Male,31,Clothing,4,500,2000,130.81,9504.15,15,60,110.27,4,0,3,33,0,Responded,1,both
573,573,Male,49,Beauty,2,30,60,190.38,8188.86,8,30,378.18,3,3,3,247,0,Ignored,0,both
574,574,Female,63,Electronics,2,25,50,43.97,9316.32,10,49,409.65,8,2,3,114,1,Ignored,0,both
575,575,Male,60,Clothing,2,50,100,185.22,4803.1,8,93,225.91,9,2,5,140,1,Unsubscribed,0,both
576,576,Female,33,Beauty,3,50,150,34.59,7221.23,14,62,484.25,8,1,4,306,1,Unsubscribed,1,both
577,577,Male,21,Beauty,4,500,2000,106.53,3159.59,2,61,321.34,0,1,3,323,0,Unsubscribed,0,both
578,578,Female,54,Clothing,4,30,120,101.83,788.91,4,16,137.23,4,1,2,262,1,Responded,0,both
579,579,Female,38,Electronics,1,30,30,57.73,3718.19,3,92,42.31,2,2,4,144,1,Ignored,0,both
58,58,Male,18,Clothing,4,300,1200,190.87,6265.61,11,21,305.74,2,1,3,171,1,Ignored,0,both
580,580,Female,31,Clothing,3,500,1500,82.54,7009.36,8,41,351.68,5,2,5,24,0,Unsubscribed,1,both
581,581,Female,48,Beauty,2,30,60,101.75,2818.76,3,33,299.1,9,0,4,307,1,Unsubscribed,1,both
582,582,Male,35,Clothing,3,300,900,175.74,8627.92,8,46,178.15,2,2,4,271,1,Unsubscribed,1,both
583,583,Female,24,Electronics,4,25,100,191.91,7928.65,4,15,371.87,5,0,5,235,0,Ignored,1,both
584,584,Female,27,Beauty,4,50,200,113.41,2021.02,1,69,28.98,1,1,2,320,1,Responded,1,both
585,585,Female,24,Clothing,1,25,25,176.62,3375.28,5,90,427.62,9,3,3,149,0,Responded,0,both
586,586,Male,50,Electronics,1,50,50,129.47,8270.5,12,97,103.42,8,2,2,105,1,Responded,1,both
587,587,Female,40,Beauty,4,300,1200,82.84,2514.98,16,13,26.23,8,1,3,255,0,Responded,1,both
588,588,Male,38,Electronics,2,30,60,54.95,3382.86,10,45,447.04,3,3,5,52,1,Unsubscribed,0,both
589,589,Female,36,Beauty,2,500,1000,94.36,3496.36,7,60,312.78,6,1,1,21,0,Responded,1,both
59,59,Male,62,Clothing,1,50,50,144.94,8398.45,3,44,101.25,8,2,3,21,0,Unsubscribed,0,both
590,590,Male,36,Clothing,3,300,900,114.11,8030.32,6,43,70.97,2,3,5,223,1,Unsubscribed,0,both
591,591,Male,53,Electronics,4,25,100,28.0,466.6,2,64,317.52,5,2,4,317,0,Unsubscribed,1,both
592,592,Female,46,Beauty,4,500,2000,46.25,830.49,6,53,445.63,8,1,3,52,0,Ignored,1,both
593,593,Male,35,Electronics,2,30,60,128.03,5826.67,17,14,296.68,2,2,5,322,1,Ignored,1,both
594,594,Female,19,Electronics,2,300,600,60.5,4031.41,13,53,378.02,5,0,2,215,0,Ignored,0,both
595,595,Female,18,Clothing,4,500,2000,170.72,6365.56,15,51,448.87,0,1,1,185,1,Unsubscribed,0,both
596,596,Female,64,Electronics,1,300,300,78.85,2737.97,9,51,458.89,7,3,2,294,1,Responded,0,both
597,597,Male,22,Beauty,4,300,1200,38.87,9104.87,12,70,79.83,0,1,2,277,0,Unsubscribed,0,both
598,598,Male,37,Beauty,4,30,120,35.04,7633.32,15,88,379.8,8,4,4,251,1,Ignored,0,both
599,599,Female,28,Beauty,2,50,100,188.68,770.69,3,95,430.53,9,4,3,305,0,Unsubscribed,0,both
6,6,Female,45,Beauty,1,30,30,190.43,255.19,19,85,417.78,5,1,4,130,0,Unsubscribed,0,both
60,60,Male,30,Beauty,3,50,150,160.61,9361.38,8,8,31.44,5,2,4,108,0,Ignored,1,both
600,600,Female,59,Beauty,2,500,1000,41.24,7860.66,17,93,491.72,2,0,3,237,0,Ignored,1,both
601,601,Male,19,Clothing,1,30,30,45.36,9698.87,12,55,433.35,4,1,5,298,1,Ignored,0,both
602,602,Female,20,Electronics,1,300,300,175.28,9430.11,5,86,344.63,1,1,4,75,0,Ignored,0,both
603,603,Female,40,Clothing,3,30,90,65.77,7381.29,19,84,144.56,0,3,5,229,1,Ignored,0,both
604,604,Female,29,Electronics,4,50,200,139.87,1323.58,7,89,162.61,1,3,3,228,1,Unsubscribed,1,both
605,605,Male,37,Electronics,2,500,1000,167.01,5803.16,2,48,397.19,9,3,4,171,0,Ignored,1,both
606,606,Male,22,Electronics,1,50,50,129.29,2913.9,5,88,213.04,9,1,3,15,0,Responded,1,both
607,607,Male,54,Clothing,3,25,75,192.35,9705.11,8,46,426.4,4,1,4,287,0,Ignored,0,both
608,608,Female,55,Electronics,3,500,1500,147.6,7203.11,8,63,240.74,1,4,1,176,0,Ignored,1,both
609,609,Female,47,Clothing,2,50,100,40.3,6146.58,17,11,336.2,8,2,1,193,0,Ignored,0,both
61,61,Male,21,Beauty,4,50,200,50.41,1505.67,8,66,72.76,7,3,4,86,1,Responded,1,both
610,610,Female,26,Beauty,2,300,600,120.51,6981.37,3,95,478.25,8,3,3,355,0,Responded,1,both
611,611,Male,51,Beauty,3,500,1500,149.27,4435.99,13,97,114.02,9,2,4,6,1,Unsubscribed,0,both
612,612,Female,61,Electronics,1,500,500,164.35,3790.09,6,86,151.36,2,2,5,315,1,Ignored,0,both
613,613,Female,52,Clothing,3,30,90,24.74,9364.42,13,55,230.46,1,0,1,180,1,Unsubscribed,1,both
614,614,Female,39,Beauty,4,300,1200,149.4,3386.08,14,95,395.17,6,1,5,207,0,Responded,0,both
615,615,Female,61,Clothing,4,25,100,168.62,510.22,17,7,411.83,2,1,1,225,0,Unsubscribed,1,both
616,616,Male,41,Clothing,2,50,100,154.43,4068.32,7,26,411.11,5,4,3,257,0,Ignored,0,both
617,617,Male,34,Electronics,1,30,30,112.22,7924.37,16,6,170.63,3,1,5,68,0,Responded,0,both
618,618,Female,27,Beauty,1,50,50,102.44,6519.84,1,56,53.4,1,0,4,77,1,Ignored,0,both
619,619,Male,47,Electronics,4,25,100,118.9,9625.49,18,96,82.88,7,1,1,90,0,Unsubscribed,0,both
62,62,Male,18,Beauty,2,50,100,87.33,2667.8,1,46,62.48,3,1,3,209,1,Unsubscribed,0,both
620,620,Male,63,Electronics,3,25,75,146.84,1151.4,5,48,86.17,9,3,4,160,1,Responded,0,both
621,621,Female,40,Beauty,2,500,1000,186.12,9124.31,14,28,338.83,8,3,2,260,1,Unsubscribed,0,both
622,622,Female,49,Beauty,3,25,75,131.07,3751.61,1,90,283.56,1,4,5,236,0,Ignored,1,both
623,623,Male,34,Clothing,3,50,150,179.81,4792.63,14,34,98.7,9,3,1,328,0,Responded,0,both
624,624,Female,34,Beauty,3,300,900,146.23,4341.97,5,92,230.9,9,0,4,349,1,Ignored,1,both
625,625,Male,31,Clothing,1,300,300,32.3,1252.88,4,17,259.13,0,1,3,142,0,Unsubscribed,0,both
626,626,Female,26,Clothing,4,500,2000,110.15,2553.18,4,17,391.19,2,2,2,176,1,Unsubscribed,0,both
627,627,Male,57,Clothing,1,50,50,71.57,7448.49,3,80,295.46,0,1,2,14,0,Unsubscribed,1,both
628,628,Female,19,Beauty,4,50,200,71.33,327.77,18,95,194.82,0,0,4,143,1,Responded,1,both
629,629,Male,62,Electronics,2,25,50,84.07,1425.49,13,35,475.21,1,1,5,219,0,Unsubscribed,0,both
63,63,Male,57,Electronics,2,25,50,94.48,4331.87,5,31,207.3,9,2,4,251,0,Ignored,0,both
630,630,Male,42,Clothing,2,50,100,76.65,349.58,4,60,256.26,9,1,3,189,0,Ignored,0,both
631,631,Male,56,Electronics,3,30,90,124.15,8588.14,9,70,432.16,5,3,4,151,1,Unsubscribed,0,both
632,632,Female,26,Electronics,4,25,100,143.05,6211.52,2,73,226.42,4,0,4,111,1,Unsubscribed,1,both
633,633,Male,39,Beauty,4,30,120,68.37,1782.29,16,17,17.33,5,3,4,156,0,Responded,1,both
634,634,Male,60,Electronics,4,500,2000,43.36,7710.85,10,52,305.05,4,4,4,241,0,Ignored,0,both
635,635,Female,63,Electronics,3,300,900,30.59,9671.33,9,93,403.19,9,4,4,320,1,Responded,0,both
636,636,Female,21,Beauty,3,500,1500,123.64,9352.15,11,6,149.09,2,0,4,29,1,Responded,0,both
637,637,Male,43,Clothing,2,300,600,53.5,9223.32,13,1,356.11,5,0,3,17,0,Responded,1,both
638,638,Male,46,Electronics,1,500,500,21.66,177.32,13,84,237.1,4,4,3,54,0,Unsubscribed,0,both
639,639,Female,62,Beauty,4,50,200,187.0,5931.23,4,24,183.48,6,2,4,116,1,Unsubscribed,0,both
64,64,Male,49,Clothing,4,25,100,143.55,108.94,11,13,349.08,0,4,2,65,1,Responded,0,both
640,640,Female,51,Electronics,4,30,120,116.69,2640.66,13,31,39.46,4,4,3,150,0,Unsubscribed,1,both
641,641,Female,40,Electronics,1,300,300,36.64,5690.01,9,39,184.28,1,1,1,91,1,Responded,1,both
642,642,Female,54,Clothing,4,25,100,171.73,3248.5,10,41,406.3,9,4,1,106,1,Ignored,0,both
643,643,Female,28,Electronics,3,30,90,196.98,1621.3,1,99,399.93,8,4,2,172,1,Unsubscribed,0,both
644,644,Male,23,Beauty,3,25,75,100.75,4500.49,7,82,422.73,6,3,1,192,0,Ignored,1,both
645,645,Female,35,Electronics,4,30,120,27.65,5001.45,9,16,401.46,6,0,2,333,0,Responded,1,both
646,646,Male,38,Clothing,3,30,90,41.16,9898.68,5,75,385.69,7,3,3,63,0,Unsubscribed,1,both
647,647,Male,59,Clothing,3,500,1500,88.7,519.64,7,19,418.46,6,3,4,86,0,Responded,1,both
648,648,Male,53,Beauty,4,300,1200,179.39,3081.44,13,28,411.62,0,3,4,163,1,Unsubscribed,1,both
649,649,Female,58,Clothing,2,300,600,46.65,8533.75,8,52,118.28,4,1,1,135,1,Responded,1,both
65,65,Male,51,Electronics,4,500,2000,73.26,791.16,9,70,132.59,2,0,3,137,1,Unsubscribed,0,both
650,650,Male,55,Electronics,1,30,30,168.32,6630.99,4,43,356.56,3,0,3,341,1,Ignored,1,both
651,651,Male,51,Clothing,3,50,150,22.7,8284.16,11,79,498.26,7,4,5,57,1,Ignored,1,both
652,652,Female,34,Beauty,2,50,100,102.33,6636.88,18,48,81.1,9,1,4,294,1,Unsubscribed,0,both
653,653,Male,54,Clothing,3,25,75,135.99,7619.41,18,82,370.36,9,3,3,272,1,Ignored,0,both
654,654,Male,42,Clothing,3,25,75,30.87,4979.93,18,42,461.86,2,1,4,271,1,Ignored,1,both
655,655,Female,55,Clothing,1,500,500,130.66,2128.29,15,4,329.35,9,1,1,355,0,Unsubscribed,1,both
656,656,Male,29,Beauty,3,30,90,189.99,8119.04,10,26,177.58,6,3,5,282,1,Responded,0,both
657,657,Male,40,Clothing,1,25,25,48.85,5721.42,13,89,339.34,0,3,4,106,0,Unsubscribed,0,both
658,658,Male,59,Clothing,1,25,25,151.33,1481.1,13,96,464.61,2,1,3,142,0,Ignored,1,both
659,659,Female,39,Electronics,1,30,30,129.64,8068.45,5,88,468.32,6,1,2,187,1,Ignored,0,both
66,66,Female,45,Electronics,1,30,30,74.59,2342.26,13,57,198.67,8,3,3,105,1,Ignored,0,both
660,660,Female,38,Beauty,2,500,1000,53.32,9590.0,9,80,434.48,8,0,4,172,0,Responded,0,both
661,661,Female,44,Clothing,4,25,100,21.12,3527.02,10,22,282.69,7,0,2,161,0,Ignored,1,both
662,662,Male,48,Beauty,2,500,1000,21.67,3005.77,4,61,290.2,1,3,3,83,1,Unsubscribed,1,both
663,663,Male,23,Clothing,4,300,1200,115.78,909.57,2,30,480.14,1,3,4,335,1,Unsubscribed,0,both
664,664,Female,44,Clothing,4,500,2000,189.7,6678.46,7,23,334.54,0,1,5,295,0,Ignored,0,both
665,665,Male,57,Clothing,1,50,50,135.97,9593.72,14,25,19.91,1,2,1,319,0,Unsubscribed,0,both
666,666,Male,51,Electronics,3,50,150,148.57,1446.33,13,68,145.74,4,0,1,169,1,Responded,1,both
667,667,Female,29,Electronics,1,500,500,108.9,4903.08,6,10,201.35,1,2,3,223,1,Unsubscribed,0,both
668,668,Female,62,Electronics,3,50,150,124.74,1072.56,1,39,248.53,0,1,5,296,1,Responded,0,both
669,669,Male,24,Beauty,4,300,1200,42.75,437.69,8,65,158.8,3,4,5,1,1,Ignored,0,both
67,67,Female,48,Beauty,4,300,1200,84.06,4862.91,7,22,286.46,5,3,5,261,1,Responded,1,both
670,670,Male,27,Beauty,1,30,30,177.83,6678.56,7,80,115.07,8,4,1,162,0,Unsubscribed,1,both
671,671,Male,62,Electronics,3,50,150,156.94,8690.1,7,15,358.19,4,4,2,181,1,Unsubscribed,1,both
672,672,Female,34,Beauty,2,50,100,199.68,3441.95,8,70,92.89,9,4,3,217,0,Responded,0,both
673,673,Female,43,Clothing,3,500,1500,73.59,8770.08,19,82,54.64,1,1,5,209,1,Responded,1,both
674,674,Female,38,Clothing,1,300,300,60.86,1258.83,18,59,210.92,4,0,4,265,1,Responded,1,both
675,675,Female,45,Clothing,2,30,60,42.53,2455.81,12,68,407.16,6,0,3,97,0,Unsubscribed,0,both
676,676,Male,63,Electronics,3,500,1500,193.56,9025.91,18,84,382.53,4,2,1,194,1,Ignored,1,both
677,677,Female,19,Beauty,3,500,1500,160.56,5134.25,6,83,125.83,2,3,4,273,1,Ignored,1,both
678,678,Female,60,Electronics,3,300,900,49.94,6121.1,19,50,140.78,7,4,3,350,0,Responded,0,both
679,679,Female,18,Beauty,3,30,90,119.48,476.38,18,2,493.7,4,0,3,264,1,Unsubscribed,0,both
68,68,Male,25,Electronics,1,300,300,165.85,2590.08,3,70,408.6,1,1,2,4,0,Unsubscribed,1,both
680,680,Female,53,Clothing,3,300,900,94.48,1371.06,10,8,46.4,2,1,2,94,1,Responded,0,both
681,681,Female,43,Electronics,2,30,60,47.27,652.33,13,9,48.54,5,3,4,166,1,Responded,1,both
682,682,Male,46,Beauty,4,300,1200,49.17,9059.51,18,32,54.42,9,2,1,130,1,Ignored,0,both
683,683,Male,38,Beauty,2,500,1000,193.42,1434.47,5,15,168.65,2,2,3,177,1,Ignored,1,both
684,684,Female,28,Clothing,2,500,1000,74.89,8511.76,1,79,384.28,9,0,2,313,0,Responded,1,both
685,685,Male,57,Electronics,2,25,50,189.46,3575.24,4,21,446.44,6,1,1,170,0,Unsubscribed,1,both
686,686,Female,28,Electronics,4,50,200,33.61,8025.92,13,19,466.88,5,1,4,111,1,Responded,1,both
687,687,Female,53,Electronics,1,300,300,102.94,3713.93,16,36,133.68,8,0,1,360,0,Unsubscribed,1,both
688,688,Male,56,Clothing,4,25,100,43.33,2750.07,6,45,235.49,8,0,4,17,1,Unsubscribed,1,both
689,689,Male,57,Electronics,2,50,100,20.86,1027.24,8,32,55.82,7,0,1,299,0,Responded,0,both
69,69,Female,56,Beauty,3,25,75,123.97,8779.15,12,17,307.76,6,4,2,323,0,Ignored,1,both
690,690,Female,52,Clothing,3,300,900,119.68,2879.0,15,66,282.55,8,0,4,186,1,Responded,1,both
691,691,Female,51,Clothing,3,30,90,40.5,4767.65,6,91,13.2,8,1,3,126,1,Responded,1,both
692,692,Female,64,Clothing,2,50,100,149.96,8193.34,18,25,235.22,0,1,4,165,1,Unsubscribed,0,both
693,693,Male,41,Beauty,3,500,1500,145.66,4579.9,19,39,490.4,1,0,1,283,0,Responded,1,both
694,694,Female,39,Electronics,2,25,50,51.74,9717.21,19,42,78.81,9,1,5,289,0,Unsubscribed,0,both
695,695,Female,22,Electronics,3,50,150,189.51,5462.17,18,96,113.27,9,2,1,21,1,Unsubscribed,1,both
696,696,Female,50,Clothing,4,50,200,149.79,346.96,2,57,146.05,7,1,1,171,0,Unsubscribed,0,both
697,697,Male,53,Clothing,1,500,500,73.63,4212.14,11,76,434.73,8,1,1,190,1,Unsubscribed,0,both
698,698,Female,64,Electronics,1,300,300,147.66,6920.1,18,60,446.1,5,3,5,138,1,Ignored,0,both
699,699,Female,37,Clothing,4,30,120,151.75,2419.49,10,36,473.19,2,1,1,275,1,Unsubscribed,0,both
7,7,Male,46,Clothing,2,25,50,172.13,3512.55,3,77,316.18,0,3,1,61,1,Unsubscribed,0,both
70,70,Female,43,Clothing,1,300,300,33.55,3310.3,13,44,100.75,8,4,1,259,0,Responded,0,both
700,700,Male,36,Electronics,4,500,2000,81.6,7016.44,5,76,131.72,8,0,1,338,0,Responded,1,both
701,701,Female,52,Beauty,2,30,60,87.61,5086.6,9,48,232.21,8,0,3,119,0,Responded,1,both
702,702,Female,60,Clothing,2,300,600,84.64,354.8,19,50,197.18,7,0,2,20,1,Responded,0,both
703,703,Male,34,Electronics,2,50,100,130.99,7766.09,6,30,301.97,3,4,5,191,0,Unsubscribed,1,both
704,704,Female,62,Clothing,3,30,90,182.07,5647.7,8,51,155.02,6,1,5,282,1,Responded,1,both
705,705,Male,60,Electronics,2,25,50,51.17,916.69,2,11,416.22,0,3,1,140,0,Unsubscribed,1,both
706,706,Male,51,Electronics,4,25,100,177.54,4804.62,18,43,454.01,5,0,5,292,0,Responded,0,both
707,707,Female,26,Clothing,1,500,500,24.98,2944.2,16,27,450.99,0,0,5,357,1,Unsubscribed,1,both
708,708,Female,43,Beauty,3,300,900,138.86,8808.85,8,76,138.96,9,4,4,180,1,Ignored,1,both
709,709,Female,19,Electronics,2,500,1000,94.6,2920.78,17,58,247.4,1,2,2,285,1,Ignored,1,both
71,71,Female,51,Beauty,4,25,100,34.08,9253.77,16,24,129.65,1,4,5,262,0,Unsubscribed,0,both
710,710,Female,26,Electronics,3,500,1500,162.43,9422.7,18,72,273.55,8,4,5,227,1,Ignored,1,both
711,711,Male,26,Electronics,3,500,1500,149.82,5506.71,7,97,485.26,3,0,2,95,1,Unsubscribed,1,both
712,712,Female,57,Beauty,2,25,50,106.42,3303.78,9,92,224.58,6,0,5,93,0,Ignored,1,both
713,713,Male,34,Beauty,3,25,75,135.9,8154.1,7,8,44.21,9,1,3,326,1,Ignored,1,both
714,714,Female,18,Clothing,1,500,500,110.32,7004.26,3,56,325.27,4,2,2,88,1,Ignored,0,both
715,715,Female,42,Beauty,4,25,100,166.07,4198.23,6,85,95.49,0,0,4,347,0,Responded,0,both
716,716,Female,60,Clothing,4,300,1200,105.7,6333.22,5,18,188.94,3,3,5,277,1,Unsubscribed,0,both
717,717,Male,57,Clothing,1,500,500,114.17,7807.98,3,75,263.86,3,0,1,67,0,Unsubscribed,1,both
718,718,Female,59,Beauty,3,25,75,65.09,8530.42,14,93,481.76,5,4,5,17,0,Responded,1,both
719,719,Female,42,Clothing,2,30,60,128.91,8182.49,18,71,88.23,6,4,5,244,0,Unsubscribed,0,both
72,72,Female,20,Electronics,4,500,2000,86.83,9750.39,9,41,191.99,3,1,4,307,0,Responded,1,both
720,720,Female,56,Beauty,3,500,1500,74.52,1744.16,7,57,427.42,0,1,5,348,1,Responded,0,both
721,721,Female,52,Clothing,1,500,500,123.91,8301.06,11,29,19.2,5,0,2,54,1,Unsubscribed,1,both
722,722,Male,20,Beauty,3,300,900,50.54,680.43,14,17,33.47,4,0,5,200,1,Unsubscribed,1,both
723,723,Female,54,Beauty,4,50,200,48.7,2081.69,16,62,244.94,9,1,2,228,1,Responded,0,both
724,724,Male,61,Clothing,3,50,150,95.07,6266.97,16,69,290.46,0,0,4,166,1,Unsubscribed,0,both
725,725,Male,61,Electronics,1,300,300,96.83,1235.46,4,70,102.61,2,2,3,39,0,Unsubscribed,1,both
726,726,Male,47,Clothing,4,300,1200,68.26,6073.14,16,89,100.67,4,1,3,139,1,Responded,1,both
727,727,Male,55,Beauty,3,300,900,43.69,3148.86,8,45,362.66,5,1,3,35,1,Unsubscribed,1,both
728,728,Male,51,Electronics,3,50,150,27.06,4351.72,9,55,161.13,1,2,5,341,0,Ignored,0,both
729,729,Male,29,Clothing,4,300,1200,24.54,3220.0,5,33,358.03,0,3,2,271,0,Responded,0,both
73,73,Male,29,Electronics,3,30,90,157.99,4553.63,9,38,248.66,7,1,3,182,1,Responded,1,both
730,730,Female,36,Clothing,2,25,50,68.88,794.72,18,77,263.57,7,0,3,31,0,Ignored,1,both
731,731,Male,54,Clothing,4,500,2000,103.13,5057.51,13,56,189.8,6,0,4,55,0,Unsubscribed,1,both
732,732,Male,61,Electronics,2,500,1000,150.72,9639.63,15,66,32.43,3,3,3,90,0,Ignored,0,both
733,733,Male,34,Beauty,1,30,30,105.48,6156.66,10,13,486.53,8,4,5,167,1,Ignored,0,both
734,734,Female,27,Clothing,1,30,30,182.73,3070.32,5,26,196.21,1,1,1,225,0,Unsubscribed,1,both
735,735,Female,64,Clothing,4,500,2000,26.34,9565.88,4,65,396.92,2,1,3,354,0,Unsubscribed,0,both
736,736,Male,29,Clothing,4,25,100,52.52,3953.45,19,70,174.98,6,4,5,276,0,Responded,0,both
737,737,Female,33,Clothing,1,50,50,80.93,7005.43,15,77,449.91,0,2,5,340,1,Unsubscribed,1,both
738,738,Male,41,Clothing,2,50,100,123.95,6377.72,8,31,45.34,5,4,1,230,1,Ignored,1,both
739,739,Male,36,Beauty,1,25,25,173.49,9533.82,5,41,147.88,4,2,3,255,0,Unsubscribed,1,both
74,74,Female,18,Beauty,4,500,2000,143.96,2348.58,14,49,443.26,0,1,5,42,0,Unsubscribed,0,both
740,740,Female,25,Beauty,4,50,200,83.04,9154.57,9,18,267.84,0,1,3,54,0,Unsubscribed,0,both
741,741,Male,48,Clothing,1,300,300,68.24,1565.24,17,29,310.36,5,0,4,201,0,Ignored,1,both
742,742,Female,38,Electronics,4,500,2000,31.14,948.29,8,29,325.29,8,2,5,133,1,Responded,1,both
743,743,Female,34,Beauty,4,500,2000,167.83,8115.46,14,12,202.03,6,1,3,166,0,Responded,1,both
744,744,Male,40,Electronics,1,25,25,88.34,9058.94,12,94,317.56,2,1,3,359,1,Ignored,0,both
745,745,Male,54,Beauty,2,50,100,122.88,4980.44,9,66,434.45,2,2,2,90,1,Responded,0,both
746,746,Female,33,Clothing,3,30,90,197.04,6938.54,16,1,420.66,3,3,1,247,0,Ignored,1,both
747,747,Male,23,Beauty,1,30,30,20.29,790.9,1,51,133.62,6,2,4,38,1,Responded,0,both
748,748,Male,25,Clothing,3,50,150,46.18,2276.06,1,28,30.38,2,1,1,317,1,Unsubscribed,1,both
749,749,Male,42,Beauty,1,30,30,160.24,1578.82,10,57,127.43,2,0,2,231,0,Unsubscribed,1,both
75,75,Male,61,Beauty,4,50,200,147.44,2987.49,1,40,130.87,2,2,1,138,0,Responded,0,both
750,750,Female,35,Clothing,3,25,75,164.92,6051.49,12,80,411.56,7,4,2,117,0,Ignored,0,both
751,751,Female,42,Clothing,2,25,50,158.46,2055.64,3,53,332.87,8,3,2,280,0,Unsubscribed,0,both
752,752,Male,29,Clothing,2,50,100,116.66,692.48,1,17,71.01,6,1,3,122,1,Responded,1,both
753,753,Female,32,Clothing,1,30,30,196.19,3091.85,8,91,90.5,0,0,1,334,1,Responded,0,both
754,754,Female,43,Electronics,4,25,100,91.31,6804.4,16,78,139.92,8,3,1,161,0,Responded,1,both
755,755,Female,58,Clothing,3,25,75,128.35,5820.85,6,26,428.6,0,0,5,21,0,Responded,0,both
756,756,Female,62,Electronics,4,300,1200,31.41,3374.18,11,24,205.0,8,1,3,285,1,Unsubscribed,0,both
757,757,Female,43,Electronics,4,300,1200,93.77,8351.44,14,61,176.43,0,0,4,114,0,Responded,1,both
758,758,Male,64,Clothing,4,25,100,150.05,2835.06,13,72,120.57,9,1,4,244,1,Responded,0,both
759,759,Male,49,Electronics,2,50,100,62.97,2679.42,4,20,340.22,9,0,5,65,0,Responded,0,both
76,76,Female,22,Electronics,2,50,100,158.1,7785.7,1,39,464.56,0,2,1,267,0,Unsubscribed,1,both
760,760,Male,27,Beauty,1,500,500,189.89,5643.48,2,66,484.34,4,0,2,338,0,Unsubscribed,0,both
761,761,Female,33,Clothing,1,500,500,143.62,4834.33,3,63,48.88,7,3,3,81,0,Responded,1,both
762,762,Female,24,Electronics,2,25,50,71.76,4515.13,7,41,256.34,7,4,1,214,1,Responded,1,both
763,763,Male,34,Clothing,2,25,50,158.42,1642.28,18,69,452.25,7,3,5,330,1,Unsubscribed,0,both
764,764,Female,40,Clothing,1,25,25,34.97,5096.0,14,16,141.11,0,2,1,117,1,Responded,0,both
765,765,Male,43,Clothing,4,50,200,195.46,2664.29,10,22,176.13,3,2,1,108,1,Unsubscribed,1,both
766,766,Male,38,Electronics,3,300,900,28.87,3982.58,10,20,251.79,2,1,1,323,0,Responded,1,both
767,767,Male,39,Beauty,3,25,75,188.02,7362.35,6,29,78.66,4,0,2,130,0,Ignored,0,both
768,768,Female,24,Beauty,3,25,75,65.51,9374.94,15,98,403.85,5,3,4,130,0,Responded,0,both
769,769,Female,31,Electronics,4,30,120,156.41,7761.24,16,11,133.39,5,0,2,360,1,Responded,1,both
77,77,Female,47,Clothing,2,50,100,71.69,2806.16,16,44,388.99,5,3,2,284,0,Unsubscribed,1,both
770,770,Male,32,Clothing,1,50,50,20.01,4115.78,8,25,38.82,2,4,2,215,1,Responded,0,both
771,771,Male,24,Electronics,2,25,50,65.76,5971.03,5,26,335.73,4,0,4,127,1,Responded,0,both
772,772,Male,26,Electronics,1,30,30,154.84,7490.33,4,54,277.2,8,1,4,331,1,Ignored,0,both
773,773,Male,25,Electronics,4,500,2000,115.82,4200.79,8,8,465.52,0,3,5,133,1,Ignored,0,both
774,774,Female,40,Clothing,2,25,50,40.69,3666.46,10,21,393.49,0,2,2,46,0,Unsubscribed,1,both
775,775,Female,46,Electronics,4,25,100,90.85,1438.91,10,88,27.65,1,4,3,312,1,Unsubscribed,1,both
776,776,Male,35,Clothing,3,30,90,87.6,7388.98,8,63,269.6,4,0,1,88,1,Unsubscribed,1,both
777,777,Male,48,Electronics,3,50,150,122.27,8401.24,12,63,435.24,9,4,3,64,1,Ignored,1,both
778,778,Female,47,Beauty,4,25,100,140.24,3234.19,7,79,18.98,1,4,3,113,1,Ignored,0,both
779,779,Female,56,Electronics,2,500,1000,171.35,7856.73,14,16,193.0,3,4,3,329,1,Unsubscribed,1,both
78,78,Female,47,Clothing,3,500,1500,118.69,3867.77,18,49,166.56,4,3,3,104,1,Unsubscribed,1,both
780,780,Male,52,Electronics,2,25,50,109.5,6141.11,3,5,418.21,8,4,4,291,1,Unsubscribed,1,both
781,781,Male,35,Beauty,1,500,500,90.56,7862.42,8,95,132.17,8,3,5,302,1,Ignored,0,both
782,782,Male,59,Clothing,3,300,900,45.92,4172.24,4,97,15.97,3,4,2,164,0,Responded,1,both
783,783,Female,56,Clothing,1,300,300,164.87,7501.01,13,86,176.88,5,4,4,187,0,Unsubscribed,0,both
784,784,Female,34,Electronics,1,500,500,148.41,4144.24,1,2,26.95,8,3,5,189,0,Unsubscribed,1,both
785,785,Female,31,Beauty,4,50,200,93.56,978.7,6,51,458.69,2,1,5,183,0,Unsubscribed,1,both
786,786,Male,48,Clothing,4,25,100,113.32,5550.73,1,24,427.86,3,2,5,24,1,Responded,1,both
787,787,Male,41,Electronics,1,25,25,139.73,4597.85,4,65,216.74,8,2,5,356,0,Ignored,1,both
788,788,Female,52,Beauty,3,300,900,49.67,2603.51,11,15,209.83,0,4,1,121,1,Responded,0,both
789,789,Female,61,Clothing,4,500,2000,24.9,8931.92,18,92,489.92,5,4,1,93,0,Responded,1,both
79,79,Male,34,Beauty,1,300,300,117.8,4837.9,13,1,483.73,5,0,1,162,1,Ignored,0,both
790,790,Male,62,Clothing,1,25,25,77.15,3890.25,17,78,249.74,8,2,4,37,1,Responded,0,both
791,791,Female,51,Beauty,1,25,25,127.21,487.35,9,38,223.98,0,0,2,91,1,Ignored,1,both
792,792,Female,20,Beauty,1,50,50,107.59,3883.14,19,53,206.23,0,0,2,149,0,Ignored,0,both
793,793,Male,54,Beauty,1,30,30,144.66,4302.65,16,99,165.67,0,4,4,216,0,Responded,0,both
794,794,Female,60,Beauty,1,300,300,167.54,8630.21,11,77,178.18,5,2,2,254,1,Responded,1,both
795,795,Male,57,Electronics,1,300,300,107.92,8011.91,6,3,227.75,5,0,4,323,1,Ignored,1,both
796,796,Male,43,Beauty,4,30,120,44.17,2079.67,14,98,462.53,9,0,2,203,0,Unsubscribed,1,both
797,797,Male,40,Clothing,3,25,75,173.11,8406.39,4,79,440.15,7,2,3,126,1,Ignored,0,both
798,798,Male,61,Clothing,1,50,50,123.5,2554.48,5,18,383.76,7,0,1,242,1,Responded,0,both
799,799,Male,56,Electronics,2,50,100,153.19,3485.15,4,45,394.05,8,2,4,292,1,Ignored,1,both
8,8,Male,30,Electronics,4,25,100,88.9,7270.9,4,87,63.61,3,4,3,224,0,Ignored,0,both
80,80,Female,64,Clothing,2,30,60,153.13,5793.6,17,10,190.7,6,0,4,85,1,Responded,0,both
800,800,Male,32,Clothing,4,300,1200,146.84,860.5,4,72,217.72,0,3,5,52,1,Responded,1,both
801,801,Male,21,Clothing,4,50,200,194.28,648.03,8,28,295.58,7,4,2,275,1,Ignored,1,both
802,802,Female,46,Beauty,1,30,30,73.16,6840.52,11,24,449.49,2,2,4,275,1,Unsubscribed,1,both
803,803,Male,39,Clothing,4,25,100,146.96,9241.08,9,66,172.13,4,1,3,283,1,Unsubscribed,1,both
804,804,Male,42,Electronics,1,30,30,85.82,4980.87,9,72,204.73,1,2,3,256,1,Ignored,0,both
805,805,Female,30,Beauty,3,500,1500,91.17,8456.53,18,58,139.89,6,3,1,59,1,Responded,1,both
806,806,Female,35,Beauty,3,300,900,61.51,7958.14,18,76,32.02,7,1,4,290,0,Unsubscribed,1,both
807,807,Female,50,Electronics,4,50,200,81.92,6680.32,6,58,17.95,9,0,4,168,1,Responded,0,both
808,808,Male,33,Beauty,4,500,2000,190.69,9784.47,17,11,143.49,2,1,2,340,1,Unsubscribed,1,both
809,809,Female,62,Beauty,2,50,100,72.66,8041.66,4,9,471.18,6,1,5,340,1,Ignored,0,both
81,81,Male,40,Electronics,1,50,50,192.24,9961.39,12,16,342.92,7,3,2,8,1,Responded,1,both
810,810,Male,59,Electronics,4,25,100,64.28,2820.96,19,15,168.88,3,0,3,5,1,Ignored,1,both
811,811,Male,61,Beauty,2,25,50,124.96,7911.24,4,94,445.4,3,1,5,204,0,Unsubscribed,1,both
812,812,Male,19,Electronics,3,25,75,66.45,6957.35,17,96,67.88,9,0,3,102,0,Ignored,0,both
813,813,Male,52,Electronics,3,50,150,105.21,4055.25,1,27,340.59,6,1,2,86,1,Ignored,0,both
814,814,Female,59,Clothing,1,500,500,170.15,860.29,16,52,171.0,9,0,1,6,0,Ignored,0,both
815,815,Female,51,Clothing,3,25,75,61.47,2222.16,3,42,447.32,9,2,4,143,0,Unsubscribed,1,both
816,816,Male,47,Beauty,2,500,1000,96.8,7992.66,12,81,351.89,1,3,3,79,1,Responded,1,both
817,817,Male,30,Beauty,4,50,200,129.89,2560.0,19,42,177.64,5,3,3,75,1,Responded,0,both
818,818,Male,30,Electronics,1,500,500,118.21,9978.79,1,46,248.89,4,1,4,146,0,Ignored,0,both
819,819,Female,35,Beauty,2,50,100,195.45,6970.48,14,96,124.97,3,3,1,110,1,Responded,1,both
82,82,Female,32,Beauty,4,50,200,70.04,2398.88,16,53,468.91,0,0,5,219,1,Responded,0,both
820,820,Male,49,Electronics,4,50,200,142.47,4824.5,9,27,24.75,9,3,3,216,0,Responded,0,both
821,821,Male,49,Electronics,1,300,300,153.19,5747.32,2,70,41.72,4,1,5,195,1,Responded,0,both
822,822,Female,52,Beauty,3,50,150,194.05,6147.64,16,78,407.77,1,0,2,215,1,Unsubscribed,0,both
823,823,Female,56,Electronics,2,50,100,94.6,9692.55,7,10,372.39,9,4,1,317,1,Responded,0,both
824,824,Male,63,Clothing,4,30,120,83.97,1701.24,7,22,336.32,0,2,5,147,0,Responded,0,both
825,825,Female,46,Beauty,1,25,25,27.9,2796.72,13,3,457.44,1,3,3,209,0,Responded,0,both
826,826,Female,46,Clothing,1,300,300,53.16,7124.95,19,33,133.67,0,1,1,120,0,Ignored,1,both
827,827,Male,61,Beauty,3,300,900,62.69,2474.59,19,69,18.85,0,0,4,49,0,Ignored,1,both
828,828,Female,33,Electronics,4,300,1200,53.03,8725.84,18,41,458.2,5,1,1,323,1,Ignored,0,both
829,829,Male,61,Beauty,3,30,90,155.86,3530.69,6,7,493.42,9,4,3,329,0,Ignored,1,both
83,83,Male,54,Electronics,2,50,100,162.79,3598.89,1,54,396.71,7,2,3,87,0,Unsubscribed,1,both
830,830,Female,64,Clothing,3,50,150,116.46,1890.31,15,66,91.9,4,3,2,214,1,Unsubscribed,1,both
831,831,Male,27,Electronics,4,25,100,140.17,571.45,3,54,334.31,5,4,5,100,1,Ignored,1,both
832,832,Male,47,Beauty,4,500,2000,167.68,5996.39,2,53,59.61,2,0,4,298,1,Ignored,1,both
833,833,Male,42,Beauty,4,50,200,61.54,8270.29,7,63,37.1,0,2,1,80,0,Unsubscribed,0,both
834,834,Female,56,Beauty,2,30,60,78.67,2810.55,19,64,187.7,6,3,2,180,1,Unsubscribed,1,both
835,835,Male,37,Clothing,4,50,200,147.5,9183.64,10,77,59.29,4,0,2,117,0,Unsubscribed,0,both
836,836,Female,22,Clothing,1,50,50,90.7,7601.57,6,59,64.48,4,1,5,87,1,Responded,0,both
837,837,Male,18,Beauty,3,30,90,25.27,706.88,18,46,252.05,2,1,1,346,0,Unsubscribed,1,both
838,838,Male,47,Electronics,2,300,600,98.29,5769.07,5,87,269.64,8,2,1,328,0,Responded,1,both
839,839,Female,20,Electronics,4,300,1200,183.49,5717.67,2,77,202.92,9,2,5,217,1,Unsubscribed,0,both
84,84,Female,38,Electronics,3,30,90,138.79,2702.62,15,5,444.39,7,3,2,8,1,Unsubscribed,1,both
840,840,Male,62,Clothing,2,25,50,93.62,2103.49,5,17,335.88,6,3,2,300,1,Ignored,1,both
841,841,Male,31,Electronics,4,25,100,79.8,3411.99,8,68,493.48,7,0,1,16,0,Unsubscribed,0,both
842,842,Female,47,Clothing,2,300,600,198.11,4636.96,5,87,422.51,7,0,4,240,0,Unsubscribed,1,both
843,843,Male,21,Beauty,3,500,1500,135.99,575.97,16,25,384.44,6,2,3,332,1,Unsubscribed,0,both
844,844,Male,35,Clothing,3,50,150,85.88,1582.79,3,6,213.99,6,4,1,24,1,Responded,0,both
845,845,Male,54,Clothing,1,500,500,38.36,1723.64,13,85,171.63,0,2,4,171,1,Ignored,0,both
846,846,Male,42,Beauty,1,50,50,161.81,3854.43,6,11,289.94,7,2,2,90,1,Unsubscribed,1,both
847,847,Female,18,Electronics,4,300,1200,147.45,7498.84,4,61,161.04,5,1,5,97,1,Responded,1,both
848,848,Female,63,Clothing,3,25,75,185.94,8329.91,10,90,93.27,8,2,4,232,1,Ignored,0,both
849,849,Male,32,Clothing,2,25,50,59.11,1712.21,18,27,435.43,9,4,4,147,0,Unsubscribed,1,both
85,85,Male,31,Clothing,3,50,150,124.44,3675.02,5,29,89.22,4,1,5,112,0,Unsubscribed,1,both
850,850,Female,26,Beauty,2,500,1000,40.69,7543.87,18,26,69.15,9,1,1,306,1,Unsubscribed,0,both
851,851,Male,32,Electronics,2,25,50,150.33,6740.03,12,95,492.33,8,1,5,301,1,Responded,1,both
852,852,Female,41,Clothing,1,300,300,56.61,8917.81,3,26,137.1,0,4,5,204,0,Responded,1,both
853,853,Male,21,Beauty,2,500,1000,51.7,9691.03,12,70,371.25,8,4,4,44,1,Unsubscribed,1,both
854,854,Male,29,Clothing,1,50,50,77.57,1332.16,12,28,39.94,7,1,4,291,1,Ignored,0,both
855,855,Male,54,Beauty,1,25,25,167.03,898.67,2,65,403.54,4,1,2,28,1,Responded,0,both
856,856,Male,54,Electronics,4,30,120,117.12,8017.33,18,34,262.73,0,1,1,329,0,Ignored,0,both
857,857,Male,60,Electronics,2,25,50,28.25,1705.49,2,3,484.09,0,4,5,265,0,Responded,1,both
858,858,Male,23,Electronics,2,50,100,103.5,2026.29,2,74,251.24,7,0,3,336,0,Unsubscribed,1,both
859,859,Female,56,Electronics,3,500,1500,143.12,8832.16,8,79,391.06,5,3,4,78,1,Unsubscribed,0,both
86,86,Male,19,Beauty,3,30,90,159.48,1097.96,19,36,325.33,8,4,1,227,1,Ignored,1,both
860,860,Male,63,Clothing,4,50,200,116.91,9395.75,1,62,123.93,0,3,3,55,1,Unsubscribed,1,both
861,861,Female,41,Clothing,3,30,90,123.04,3252.87,13,40,180.63,7,2,4,302,0,Responded,1,both
862,862,Male,28,Electronics,4,300,1200,60.46,8437.46,18,24,396.44,2,4,5,53,0,Ignored,1,both
863,863,Female,30,Electronics,2,25,50,172.59,8602.68,8,53,437.66,2,1,1,126,1,Ignored,0,both
864,864,Female,51,Electronics,1,500,500,121.05,6093.37,13,70,62.14,0,0,3,233,1,Responded,0,both
865,865,Female,42,Clothing,1,300,300,148.38,5704.28,7,35,348.69,6,2,2,187,1,Responded,1,both
866,866,Male,24,Electronics,1,50,50,196.74,5800.8,3,96,490.41,6,2,5,212,0,Ignored,1,both
867,867,Male,21,Electronics,1,500,500,97.08,3082.76,10,3,473.96,7,1,3,121,0,Responded,0,both
868,868,Female,25,Electronics,1,300,300,178.59,6226.78,19,79,188.52,2,4,4,255,0,Responded,1,both
869,869,Male,37,Beauty,3,500,1500,21.31,2511.44,13,28,156.42,1,3,1,305,1,Responded,1,both
87,87,Female,28,Beauty,2,50,100,189.93,3662.12,18,21,49.15,8,1,1,303,0,Ignored,1,both
870,870,Female,46,Electronics,4,30,120,26.01,1858.56,19,28,75.91,9,0,4,348,0,Unsubscribed,1,both
871,871,Male,62,Beauty,2,30,60,126.25,4188.21,8,65,493.85,5,1,1,22,0,Responded,1,both
872,872,Female,63,Beauty,3,25,75,76.06,7087.23,18,86,386.73,4,0,4,145,1,Unsubscribed,0,both
873,873,Female,27,Electronics,4,25,100,64.69,6252.13,15,18,316.64,3,4,3,167,0,Unsubscribed,0,both
874,874,Male,60,Beauty,1,30,30,70.03,9652.33,7,73,265.29,9,4,2,197,1,Unsubscribed,1,both
875,875,Female,51,Electronics,4,500,2000,77.31,6499.91,7,9,405.13,7,2,4,352,0,Responded,1,both
876,876,Male,43,Clothing,4,30,120,151.21,1499.01,3,46,329.31,5,1,3,280,0,Responded,1,both
877,877,Female,58,Clothing,1,25,25,122.46,1696.06,18,14,248.93,5,2,3,174,1,Ignored,0,both
878,878,Female,20,Clothing,1,30,30,162.03,1021.36,14,21,226.41,4,2,4,228,0,Responded,1,both
879,879,Male,23,Clothing,1,30,30,169.44,1992.62,17,22,195.51,4,0,2,18,0,Responded,1,both
88,88,Male,56,Clothing,1,500,500,26.6,8889.86,9,7,490.18,4,0,2,240,0,Responded,0,both
880,880,Male,22,Beauty,2,500,1000,171.73,6019.71,9,88,485.23,3,1,1,109,1,Unsubscribed,0,both
881,881,Male,22,Electronics,1,300,300,94.64,8399.04,10,2,458.25,9,1,3,290,0,Responded,1,both
882,882,Female,64,Electronics,2,25,50,95.83,8949.29,8,39,173.6,5,4,3,25,1,Responded,1,both
883,883,Male,40,Electronics,1,500,500,186.73,4060.43,19,57,41.79,5,3,3,335,0,Responded,1,both
884,884,Female,26,Clothing,2,30,60,139.12,5629.97,2,76,86.21,9,1,3,229,1,Ignored,1,both
885,885,Female,52,Clothing,4,30,120,34.48,8111.08,12,25,302.13,3,2,4,158,0,Unsubscribed,0,both
886,886,Male,37,Electronics,3,300,900,117.59,3189.5,4,94,364.83,3,1,1,107,0,Ignored,0,both
887,887,Male,59,Clothing,4,25,100,84.08,5997.12,3,32,432.95,3,3,4,309,1,Unsubscribed,1,both
888,888,Female,52,Electronics,4,25,100,197.74,1823.42,1,22,455.76,6,0,2,286,0,Responded,0,both
889,889,Female,35,Electronics,1,50,50,22.46,4817.75,15,93,468.06,9,4,1,119,0,Ignored,1,both
89,89,Female,55,Electronics,4,500,2000,46.53,3056.04,5,42,352.16,3,1,1,111,0,Responded,1,both
890,890,Male,34,Electronics,2,25,50,130.19,1813.42,1,77,489.09,2,4,5,288,1,Ignored,0,both
891,891,Male,41,Electronics,3,300,900,150.25,4678.02,9,93,391.7,6,1,2,68,1,Unsubscribed,1,both
892,892,Male,20,Electronics,1,50,50,72.0,4028.51,5,66,369.27,7,0,4,119,0,Responded,1,both
893,893,Male,49,Electronics,1,50,50,195.26,4389.32,19,96,176.8,4,1,3,141,1,Responded,0,both
894,894,Male,52,Electronics,1,30,30,174.72,2512.75,6,55,465.16,6,4,4,228,0,Unsubscribed,0,both
895,895,Female,55,Clothing,4,30,120,184.82,1446.83,8,11,77.34,4,0,4,149,0,Responded,1,both
896,896,Female,30,Electronics,2,25,50,23.46,2829.09,3,93,276.98,8,1,4,39,1,Responded,1,both
897,897,Female,64,Electronics,2,50,100,122.58,2471.84,2,49,231.51,0,4,2,306,0,Responded,0,both
898,898,Female,42,Clothing,3,30,90,73.04,7369.53,14,22,446.24,8,1,5,301,0,Ignored,1,both
899,899,Male,26,Clothing,2,300,600,172.83,7198.05,11,76,324.79,8,2,3,285,0,Responded,1,both
9,9,Male,63,Electronics,2,300,600,24.46,4935.49,1,21,173.8,9,2,4,126,1,Responded,1,both
90,90,Female,51,Electronics,1,30,30,156.13,3782.15,11,32,61.07,3,3,2,269,1,Unsubscribed,0,both
900,900,Male,21,Clothing,2,30,60,133.91,5886.38,18,5,198.7,2,3,3,137,1,Ignored,0,both
901,901,Male,31,Electronics,1,30,30,117.0,1004.2,7,79,55.98,6,2,4,211,1,Responded,0,both
902,902,Female,54,Beauty,1,50,50,40.63,5705.99,1,54,151.46,3,0,4,139,0,Ignored,0,both
903,903,Female,51,Beauty,4,50,200,117.24,884.45,8,56,258.95,6,2,4,82,1,Unsubscribed,1,both
904,904,Male,28,Clothing,1,500,500,133.74,279.91,6,43,203.65,2,4,4,234,0,Ignored,0,both
905,905,Male,58,Beauty,1,300,300,192.06,3590.7,11,96,475.03,4,4,2,345,1,Unsubscribed,1,both
906,906,Female,20,Clothing,1,50,50,125.31,2481.39,10,44,302.68,2,1,2,58,0,Responded,0,both
907,907,Female,45,Electronics,1,25,25,194.13,5987.01,2,73,356.43,5,2,1,55,1,Responded,1,both
908,908,Male,46,Beauty,4,300,1200,193.09,9293.56,1,23,301.86,0,0,1,141,1,Responded,1,both
909,909,Male,26,Electronics,1,300,300,137.04,7226.54,4,40,208.5,5,3,2,206,0,Ignored,1,both
91,91,Female,55,Electronics,1,500,500,35.08,9450.29,2,90,398.57,1,3,4,276,1,Responded,0,both
910,910,Female,20,Beauty,3,50,150,111.06,7696.87,9,41,40.06,4,2,4,3,0,Unsubscribed,1,both
911,911,Male,42,Electronics,3,300,900,103.88,9513.84,13,35,25.18,8,0,3,92,0,Ignored,0,both
912,912,Male,51,Beauty,3,50,150,180.27,6377.5,4,36,330.33,5,2,2,29,0,Responded,1,both
913,913,Male,29,Electronics,3,30,90,25.09,5819.54,3,53,350.47,9,2,2,277,0,Unsubscribed,0,both
914,914,Female,59,Electronics,1,500,500,40.49,6058.49,18,96,98.15,1,1,1,193,0,Responded,1,both
915,915,Female,26,Beauty,3,30,90,38.37,8671.47,2,60,320.45,7,4,5,41,1,Unsubscribed,1,both
916,916,Female,32,Electronics,1,50,50,156.25,3942.18,9,37,15.3,0,3,3,233,0,Responded,0,both
917,917,Female,57,Electronics,4,50,200,81.14,7973.83,7,50,227.84,6,3,3,235,0,Ignored,1,both
918,918,Female,42,Electronics,3,30,90,134.83,6557.34,2,19,146.76,2,2,5,22,1,Responded,1,both
919,919,Female,22,Beauty,2,25,50,128.68,3115.26,12,54,442.59,2,1,1,24,0,Responded,1,both
92,92,Female,51,Electronics,4,30,120,112.9,7310.95,2,81,236.53,9,0,1,340,1,Unsubscribed,0,both
920,920,Female,28,Beauty,3,25,75,89.45,235.52,17,14,160.98,6,2,3,82,0,Unsubscribed,0,both
921,921,Male,51,Electronics,3,25,75,115.68,2178.21,14,55,201.49,0,2,1,158,1,Unsubscribed,0,both
922,922,Male,41,Electronics,1,50,50,136.12,7029.89,14,64,88.4,2,0,1,227,0,Responded,0,both
923,923,Male,32,Beauty,3,300,900,189.37,5838.93,15,58,74.03,5,1,4,156,1,Responded,0,both
924,924,Male,55,Beauty,2,50,100,123.61,2818.49,17,48,177.47,9,0,5,167,0,Responded,0,both
925,925,Male,25,Electronics,1,300,300,130.59,4399.59,4,12,377.38,1,2,5,247,1,Responded,1,both
926,926,Male,22,Electronics,1,30,30,32.21,6645.37,14,86,43.31,8,3,4,10,1,Responded,0,both
927,927,Male,43,Electronics,4,500,2000,191.4,1358.15,7,65,39.16,0,2,1,315,0,Responded,1,both
928,928,Female,35,Clothing,4,300,1200,115.05,4379.57,19,42,407.43,6,3,1,254,0,Ignored,1,both
929,929,Female,23,Beauty,3,25,75,164.23,4224.58,2,18,266.86,9,0,3,291,0,Unsubscribed,0,both
93,93,Female,35,Beauty,4,500,2000,59.57,5215.71,15,69,48.96,6,3,3,23,1,Responded,1,both
930,930,Male,54,Clothing,4,50,200,29.05,5471.75,9,18,431.29,6,2,5,251,1,Unsubscribed,0,both
931,931,Male,30,Beauty,4,30,120,95.76,5266.95,15,34,310.61,5,2,3,56,0,Responded,1,both
932,932,Female,45,Beauty,4,25,100,66.26,3740.49,19,41,48.44,3,0,3,176,1,Unsubscribed,0,both
933,933,Male,22,Beauty,1,30,30,68.06,7651.06,10,36,95.19,3,3,5,218,1,Responded,1,both
934,934,Male,30,Beauty,1,500,500,162.46,765.57,8,35,226.62,6,0,3,150,0,Unsubscribed,0,both
935,935,Female,34,Beauty,1,50,50,132.3,451.83,13,92,102.35,1,2,5,32,0,Ignored,1,both
936,936,Male,57,Beauty,4,50,200,99.15,4260.57,10,33,434.17,4,1,1,12,0,Unsubscribed,0,both
937,937,Female,62,Beauty,1,500,500,21.91,8977.27,17,25,490.55,6,2,1,142,0,Unsubscribed,0,both
938,938,Male,49,Clothing,4,50,200,193.69,2847.94,2,10,313.28,2,0,2,181,0,Responded,1,both
939,939,Female,46,Electronics,1,300,300,193.16,1805.86,18,92,327.92,6,2,3,16,1,Unsubscribed,0,both
94,94,Female,47,Beauty,2,500,1000,69.37,7794.21,19,14,404.14,2,1,1,335,1,Unsubscribed,0,both
940,940,Female,20,Electronics,1,30,30,59.16,9289.26,2,46,445.68,2,3,3,21,1,Ignored,1,both
941,941,Female,57,Clothing,2,25,50,27.44,1765.41,19,27,342.15,2,3,5,361,0,Unsubscribed,1,both
942,942,Male,51,Clothing,3,500,1500,115.44,3810.92,16,14,198.88,3,2,3,145,0,Unsubscribed,1,both
943,943,Female,57,Clothing,4,300,1200,191.25,7317.25,15,37,127.52,2,1,2,39,0,Unsubscribed,0,both
944,944,Male,44,Clothing,2,25,50,183.87,2683.15,8,43,210.58,1,0,4,47,1,Ignored,1,both
945,945,Male,30,Beauty,1,25,25,125.24,2375.51,7,25,483.74,0,0,4,84,1,Ignored,0,both
946,946,Male,62,Electronics,4,500,2000,74.64,4036.91,18,49,49.33,7,1,1,70,0,Ignored,1,both
947,947,Male,50,Beauty,1,300,300,79.39,7894.91,9,52,60.44,1,0,2,275,1,Ignored,1,both
948,948,Female,23,Electronics,3,25,75,181.62,9118.74,16,93,334.59,4,4,1,91,1,Responded,0,both
949,949,Female,41,Electronics,2,25,50,108.52,409.8,2,32,305.97,7,0,5,232,1,Responded,0,both
95,95,Female,32,Clothing,2,30,60,146.33,1319.48,4,34,27.27,4,4,3,325,0,Responded,1,both
950,950,Male,36,Clothing,3,300,900,43.6,1734.57,8,33,371.28,1,1,4,97,0,Responded,1,both
951,951,Male,33,Beauty,2,50,100,64.72,9590.15,9,45,451.45,1,4,5,44,1,Responded,1,both
952,952,Female,57,Clothing,1,25,25,69.82,5968.63,9,91,262.13,1,1,2,169,1,Unsubscribed,1,both
953,953,Male,45,Beauty,3,30,90,42.24,5558.96,1,9,181.65,7,0,1,58,1,Responded,1,both
954,954,Female,50,Electronics,3,300,900,103.35,8154.08,10,18,264.97,4,0,1,75,1,Unsubscribed,0,both
955,955,Male,58,Clothing,1,25,25,184.89,493.85,3,23,95.44,6,4,3,224,0,Unsubscribed,1,both
956,956,Male,30,Clothing,3,500,1500,140.38,236.98,1,30,451.17,5,3,2,327,1,Responded,0,both
957,957,Female,60,Electronics,4,30,120,33.05,9678.19,11,1,344.33,8,1,2,295,0,Ignored,0,both
958,958,Male,62,Electronics,2,25,50,20.99,8302.85,9,7,436.63,5,2,1,154,0,Responded,1,both
959,959,Female,42,Electronics,2,30,60,69.72,7499.08,14,80,158.18,5,1,5,124,0,Ignored,1,both
96,96,Female,44,Clothing,2,300,600,25.43,4698.45,17,18,399.71,6,0,2,207,0,Ignored,1,both
960,960,Male,59,Clothing,2,30,60,85.28,1641.44,4,22,447.94,8,4,3,74,0,Unsubscribed,0,both
961,961,Male,53,Beauty,4,50,200,159.81,4818.38,6,83,84.44,8,1,1,317,1,Unsubscribed,1,both
962,962,Male,44,Clothing,2,30,60,194.06,9379.21,13,68,191.4,5,3,4,101,1,Unsubscribed,1,both
963,963,Female,55,Beauty,1,50,50,89.76,9342.64,1,24,45.07,1,1,3,72,1,Responded,0,both
964,964,Male,24,Clothing,3,300,900,143.6,191.55,4,59,309.44,2,1,3,148,0,Responded,1,both
965,965,Male,22,Clothing,4,50,200,199.08,7549.66,12,12,128.77,0,1,1,262,0,Ignored,1,both
966,966,Male,60,Electronics,2,500,1000,154.22,161.75,1,55,124.79,8,2,4,263,1,Ignored,1,both
967,967,Male,62,Beauty,1,25,25,134.51,9844.59,9,65,496.82,7,3,3,156,1,Ignored,0,both
968,968,Female,48,Clothing,3,300,900,34.05,4227.98,15,25,127.59,8,4,5,241,0,Responded,1,both
969,969,Female,40,Clothing,3,300,900,78.18,9737.84,4,69,261.12,6,3,1,340,1,Unsubscribed,1,both
97,97,Female,51,Beauty,2,500,1000,177.2,1270.54,6,66,291.37,9,4,3,223,0,Responded,0,both
970,970,Male,59,Electronics,4,500,2000,184.41,3740.69,1,42,312.11,5,1,5,168,0,Ignored,0,both
971,971,Female,27,Electronics,4,50,200,56.18,3002.55,10,35,484.7,9,4,5,249,1,Ignored,1,both
972,972,Male,49,Beauty,4,25,100,171.85,3231.29,7,67,472.46,4,3,1,333,0,Unsubscribed,0,both
973,973,Male,60,Clothing,1,50,50,145.34,7333.72,4,9,211.51,9,3,5,224,1,Ignored,1,both
974,974,Male,47,Beauty,1,30,30,85.94,2076.76,4,36,64.81,6,2,2,242,1,Unsubscribed,0,both
975,975,Female,56,Clothing,4,50,200,115.25,8654.17,16,5,105.09,2,2,4,92,0,Responded,1,both
976,976,Female,48,Beauty,2,300,600,117.71,5946.67,1,68,15.01,1,3,4,123,1,Unsubscribed,1,both
977,977,Female,35,Electronics,3,25,75,148.53,9702.12,7,37,10.46,2,4,5,63,0,Unsubscribed,0,both
978,978,Female,53,Clothing,3,50,150,112.98,9872.14,13,67,390.77,8,1,4,50,1,Unsubscribed,1,both
979,979,Female,19,Beauty,1,25,25,43.95,1933.3,19,13,184.86,8,1,3,308,0,Unsubscribed,1,both
98,98,Female,55,Beauty,2,50,100,100.01,2412.82,4,90,11.33,9,2,1,278,1,Responded,0,both
980,980,Female,31,Electronics,3,25,75,159.22,9562.24,6,64,327.74,4,2,3,78,0,Unsubscribed,1,both
981,981,Female,30,Electronics,2,30,60,93.13,560.73,2,90,286.0,6,1,4,270,1,Ignored,1,both
982,982,Female,46,Beauty,3,30,90,193.36,375.85,18,25,440.83,9,4,2,65,1,Unsubscribed,0,both
983,983,Female,29,Clothing,1,300,300,71.03,9444.26,16,34,291.91,9,0,2,333,0,Responded,1,both
984,984,Male,56,Clothing,1,500,500,67.35,9627.73,9,48,63.97,2,2,1,148,0,Unsubscribed,0,both
985,985,Female,19,Electronics,2,25,50,80.03,1557.75,10,49,440.93,4,1,1,184,1,Unsubscribed,0,both
986,986,Female,49,Clothing,2,500,1000,123.02,4479.92,14,45,364.16,4,3,3,76,1,Unsubscribed,1,both
987,987,Female,30,Clothing,3,300,900,181.08,4991.52,17,57,160.7,5,0,4,317,0,Unsubscribed,1,both
988,988,Female,63,Clothing,3,25,75,51.73,8616.78,10,10,380.14,5,4,5,202,1,Ignored,0,both
989,989,Female,44,Electronics,1,25,25,70.34,6316.38,5,48,202.66,5,4,1,92,1,Responded,1,both
99,99,Female,50,Electronics,4,300,1200,110.43,1504.49,16,48,228.21,9,4,5,209,0,Ignored,1,both
990,990,Female,58,Beauty,2,500,1000,124.7,7768.21,8,5,431.91,7,2,4,56,1,Unsubscribed,0,both
991,991,Female,34,Clothing,2,50,100,101.78,4902.46,6,76,252.84,3,0,2,356,1,Ignored,1,both
992,992,Female,57,Electronics,2,30,60,100.52,6519.3,8,27,306.82,9,1,4,315,0,Responded,0,both
993,993,Female,48,Electronics,3,50,150,167.73,7380.55,4,10,46.12,1,2,2,173,1,Ignored,1,both
994,994,Female,51,Beauty,2,500,1000,186.3,7405.02,2,90,418.46,0,0,1,124,1,Responded,0,both
995,995,Female,41,Clothing,1,30,30,106.64,117.2,10,74,250.92,7,4,3,16,1,Ignored,1,both
996,996,Male,62,Clothing,1,50,50,143.72,1089.09,2,29,77.75,0,3,2,88,1,Ignored,0,both
997,997,Male,52,Beauty,3,30,90,164.19,3700.24,9,90,34.45,6,4,4,352,0,Responded,1,both
998,998,Female,23,Beauty,4,25,100,113.31,705.85,17,69,187.37,7,3,1,172,1,Unsubscribed,0,both
999,999,Female,36,Electronics,3,50,150,72.98,3891.6,7,31,483.8,1,2,5,55,0,Responded,1,both
